set,alpha,recipient,direction,effect,rank_le,random_min,random_median,random_max
V,1.0,base,mu_D,0.045367561280727386,16,-0.0975261814892292,0.0062512606382369995,0.13359004631638527
V,1.0,base,mu_Dprime_matched,0.0850769430398941,19,-0.0975261814892292,0.0062512606382369995,0.13359004631638527
V,1.0,finetuned,mu_D,0.14090562611818314,23,-0.148049034178257,-0.015108995139598846,0.1399422436952591
V,1.0,finetuned,mu_Dprime_matched,0.11080567538738251,21,-0.148049034178257,-0.015108995139598846,0.1399422436952591
V,2.0,base,mu_D,0.1393350474536419,20,-0.21575554087758064,-0.001316063106060028,0.28046511113643646
V,2.0,base,mu_Dprime_matched,0.14324939996004105,20,-0.21575554087758064,-0.001316063106060028,0.28046511113643646
V,2.0,finetuned,mu_D,0.36220526695251465,23,-0.24534279853105545,0.051714494824409485,0.2961667999625206
V,2.0,finetuned,mu_Dprime_matched,0.3313005268573761,23,-0.24534279853105545,0.051714494824409485,0.2961667999625206
bread,1.0,base,mu_D,0.15573561191558838,13,-0.25120484828948975,0.10681664943695068,0.3697749376296997
bread,1.0,base,mu_Dprime_matched,0.33379650115966797,22,-0.25120484828948975,0.10681664943695068,0.3697749376296997
bread,1.0,finetuned,mu_D,0.139597088098526,22,-0.2037011981010437,-0.053888097405433655,0.14589135348796844
bread,1.0,finetuned,mu_Dprime_matched,0.21197409927845,23,-0.2037011981010437,-0.053888097405433655,0.14589135348796844
bread,2.0,base,mu_D,0.24920505285263062,15,-0.3713303208351135,0.1845231056213379,0.706264853477478
bread,2.0,base,mu_Dprime_matched,0.6367589235305786,22,-0.3713303208351135,0.1845231056213379,0.706264853477478
bread,2.0,finetuned,mu_D,0.3518487513065338,23,-0.2980940341949463,-0.03503136336803436,0.29695749282836914
bread,2.0,finetuned,mu_Dprime_matched,0.5036523342132568,23,-0.2980940341949463,-0.03503136336803436,0.29695749282836914
cookies,1.0,base,mu_D,0.08758395910263062,9,-0.23989075422286987,0.11313088238239288,0.36489930003881454
cookies,1.0,base,mu_Dprime_matched,0.2616568058729172,18,-0.23989075422286987,0.11313088238239288,0.36489930003881454
cookies,1.0,finetuned,mu_D,0.4032583236694336,23,-0.19326719641685486,0.052270352840423584,0.380731999874115
cookies,1.0,finetuned,mu_Dprime_matched,0.25601404905319214,19,-0.19326719641685486,0.052270352840423584,0.380731999874115
cookies,2.0,base,mu_D,0.35776664316654205,15,-0.257178470492363,0.19822119176387787,0.7176590338349342
cookies,2.0,base,mu_Dprime_matched,0.3009945899248123,12,-0.257178470492363,0.19822119176387787,0.7176590338349342
cookies,2.0,finetuned,mu_D,0.7056793868541718,23,-0.4411599636077881,0.14537668228149414,0.6869736909866333
cookies,2.0,finetuned,mu_Dprime_matched,0.49169981479644775,20,-0.4411599636077881,0.14537668228149414,0.6869736909866333
furnace,1.0,base,mu_D,-0.15451550483703613,4,-0.28472042083740234,-0.08206987380981445,0.043556928634643555
furnace,1.0,base,mu_Dprime_matched,-0.014550209045410156,19,-0.28472042083740234,-0.08206987380981445,0.043556928634643555
furnace,1.0,finetuned,mu_D,-0.048032522201538086,4,-0.08963251113891602,-0.010322928428649902,0.05193209648132324
furnace,1.0,finetuned,mu_Dprime_matched,-0.10726332664489746,0,-0.08963251113891602,-0.010322928428649902,0.05193209648132324
furnace,2.0,base,mu_D,-0.3089139461517334,2,-0.3249850273132324,-0.05653238296508789,0.25490498542785645
furnace,2.0,base,mu_Dprime_matched,-0.13686895370483398,8,-0.3249850273132324,-0.05653238296508789,0.25490498542785645
furnace,2.0,finetuned,mu_D,-0.10788977146148682,2,-0.17327404022216797,0.02706003189086914,0.27980244159698486
furnace,2.0,finetuned,mu_Dprime_matched,-0.16781961917877197,1,-0.17327404022216797,0.02706003189086914,0.27980244159698486
odometer,1.0,base,mu_D,-0.06039690971374512,13,-0.21000194549560547,-0.07623577117919922,0.07311654090881348
odometer,1.0,base,mu_Dprime_matched,0.05061697959899902,21,-0.21000194549560547,-0.07623577117919922,0.07311654090881348
odometer,1.0,finetuned,mu_D,-0.055480241775512695,11,-0.13781332969665527,-0.050457000732421875,0.1441652774810791
odometer,1.0,finetuned,mu_Dprime_matched,-0.052401065826416016,11,-0.13781332969665527,-0.050457000732421875,0.1441652774810791
odometer,2.0,base,mu_D,0.0025131702423095703,13,-0.2533888816833496,0.0003082752227783203,0.1840505599975586
odometer,2.0,base,mu_Dprime_matched,0.15492892265319824,20,-0.2533888816833496,0.0003082752227783203,0.1840505599975586
odometer,2.0,finetuned,mu_D,0.015882015228271484,19,-0.23806095123291016,-0.04447674751281738,0.16406559944152832
odometer,2.0,finetuned,mu_Dprime_matched,-0.048636436462402344,9,-0.23806095123291016,-0.04447674751281738,0.16406559944152832
roast_chicken,1.0,base,mu_D,0.08089840412139893,12,-0.15319478511810303,0.06742477416992188,0.4507855176925659
roast_chicken,1.0,base,mu_Dprime_matched,0.29848527908325195,18,-0.15319478511810303,0.06742477416992188,0.4507855176925659
roast_chicken,1.0,finetuned,mu_D,0.1046435683965683,20,-0.1570136994123459,-0.045352354645729065,0.12068361043930054
roast_chicken,1.0,finetuned,mu_Dprime_matched,0.09342749416828156,20,-0.1570136994123459,-0.045352354645729065,0.12068361043930054
roast_chicken,2.0,base,mu_D,0.2849857211112976,16,-0.4759472608566284,0.17834818363189697,0.817285418510437
roast_chicken,2.0,base,mu_Dprime_matched,0.7520484924316406,22,-0.4759472608566284,0.17834818363189697,0.817285418510437
roast_chicken,2.0,finetuned,mu_D,0.1529688984155655,19,-0.2698024660348892,-0.017335891723632812,0.26200491189956665
roast_chicken,2.0,finetuned,mu_Dprime_matched,0.24439239501953125,22,-0.2698024660348892,-0.017335891723632812,0.26200491189956665
