source,weights,direction,alpha,item_id,pair_id,unit,B,B_unsteered_cell,increment,B_base,B_ft
base,base,mu_D,0.0,cake_impl_01,cake_preheat,cake_preheat,-3.6918380856513977,-3.6918380856513977,0.0,-3.6918380856513977,0.6366443037986755
base,base,mu_D,1.0,cake_impl_01,cake_preheat,cake_preheat,-3.9099961519241333,-3.6918380856513977,-0.2181580662727356,-3.6918380856513977,0.6366443037986755
base,base,mu_D,2.0,cake_impl_01,cake_preheat,cake_preheat,-3.8717636466026306,-3.6918380856513977,-0.1799255609512329,-3.6918380856513977,0.6366443037986755
base,base,r0,0.0,cake_impl_01,cake_preheat,cake_preheat,-3.6918380856513977,-3.6918380856513977,0.0,-3.6918380856513977,0.6366443037986755
base,base,r0,1.0,cake_impl_01,cake_preheat,cake_preheat,-3.8127351701259613,-3.6918380856513977,-0.1208970844745636,-3.6918380856513977,0.6366443037986755
base,base,r0,2.0,cake_impl_01,cake_preheat,cake_preheat,-3.709902286529541,-3.6918380856513977,-0.01806420087814331,-3.6918380856513977,0.6366443037986755
base,base,r1,0.0,cake_impl_01,cake_preheat,cake_preheat,-3.6918380856513977,-3.6918380856513977,0.0,-3.6918380856513977,0.6366443037986755
base,base,r1,1.0,cake_impl_01,cake_preheat,cake_preheat,-3.816753327846527,-3.6918380856513977,-0.1249152421951294,-3.6918380856513977,0.6366443037986755
base,base,r1,2.0,cake_impl_01,cake_preheat,cake_preheat,-3.640125036239624,-3.6918380856513977,0.05171304941177368,-3.6918380856513977,0.6366443037986755
base,base,r2,0.0,cake_impl_01,cake_preheat,cake_preheat,-3.6918380856513977,-3.6918380856513977,0.0,-3.6918380856513977,0.6366443037986755
base,base,r2,1.0,cake_impl_01,cake_preheat,cake_preheat,-3.687924385070801,-3.6918380856513977,0.003913700580596924,-3.6918380856513977,0.6366443037986755
base,base,r2,2.0,cake_impl_01,cake_preheat,cake_preheat,-3.742761015892029,-3.6918380856513977,-0.050922930240631104,-3.6918380856513977,0.6366443037986755
base,finetuned,mu_D,0.0,cake_impl_01,cake_preheat,cake_preheat,0.05824476480484009,0.05824476480484009,0.0,-3.6918380856513977,0.6366443037986755
base,finetuned,mu_D,1.0,cake_impl_01,cake_preheat,cake_preheat,0.2243313193321228,0.05824476480484009,0.16608655452728271,-3.6918380856513977,0.6366443037986755
base,finetuned,mu_D,2.0,cake_impl_01,cake_preheat,cake_preheat,0.36789464950561523,0.05824476480484009,0.30964988470077515,-3.6918380856513977,0.6366443037986755
base,finetuned,r0,0.0,cake_impl_01,cake_preheat,cake_preheat,0.05824476480484009,0.05824476480484009,0.0,-3.6918380856513977,0.6366443037986755
base,finetuned,r0,1.0,cake_impl_01,cake_preheat,cake_preheat,0.057991087436676025,0.05824476480484009,-0.0002536773681640625,-3.6918380856513977,0.6366443037986755
base,finetuned,r0,2.0,cake_impl_01,cake_preheat,cake_preheat,-0.04687094688415527,0.05824476480484009,-0.10511571168899536,-3.6918380856513977,0.6366443037986755
base,finetuned,r1,0.0,cake_impl_01,cake_preheat,cake_preheat,0.05824476480484009,0.05824476480484009,0.0,-3.6918380856513977,0.6366443037986755
base,finetuned,r1,1.0,cake_impl_01,cake_preheat,cake_preheat,0.05824679136276245,0.05824476480484009,2.0265579223632812e-06,-3.6918380856513977,0.6366443037986755
base,finetuned,r1,2.0,cake_impl_01,cake_preheat,cake_preheat,-0.05446898937225342,0.05824476480484009,-0.1127137541770935,-3.6918380856513977,0.6366443037986755
base,finetuned,r2,0.0,cake_impl_01,cake_preheat,cake_preheat,0.05824476480484009,0.05824476480484009,0.0,-3.6918380856513977,0.6366443037986755
base,finetuned,r2,1.0,cake_impl_01,cake_preheat,cake_preheat,0.2160167694091797,0.05824476480484009,0.1577720046043396,-3.6918380856513977,0.6366443037986755
base,finetuned,r2,2.0,cake_impl_01,cake_preheat,cake_preheat,0.24857723712921143,0.05824476480484009,0.19033247232437134,-3.6918380856513977,0.6366443037986755
finetuned,base,mu_D,0.0,cake_impl_01,cake_preheat,cake_preheat,-3.028507947921753,-3.028507947921753,0.0,-3.6918380856513977,0.6366443037986755
finetuned,base,mu_D,1.0,cake_impl_01,cake_preheat,cake_preheat,-2.9947171807289124,-3.028507947921753,0.033790767192840576,-3.6918380856513977,0.6366443037986755
finetuned,base,mu_D,2.0,cake_impl_01,cake_preheat,cake_preheat,-2.8734185695648193,-3.028507947921753,0.1550893783569336,-3.6918380856513977,0.6366443037986755
finetuned,base,r0,0.0,cake_impl_01,cake_preheat,cake_preheat,-3.028507947921753,-3.028507947921753,0.0,-3.6918380856513977,0.6366443037986755
finetuned,base,r0,1.0,cake_impl_01,cake_preheat,cake_preheat,-2.9763126373291016,-3.028507947921753,0.05219531059265137,-3.6918380856513977,0.6366443037986755
finetuned,base,r0,2.0,cake_impl_01,cake_preheat,cake_preheat,-3.03484308719635,-3.028507947921753,-0.006335139274597168,-3.6918380856513977,0.6366443037986755
finetuned,base,r1,0.0,cake_impl_01,cake_preheat,cake_preheat,-3.028507947921753,-3.028507947921753,0.0,-3.6918380856513977,0.6366443037986755
finetuned,base,r1,1.0,cake_impl_01,cake_preheat,cake_preheat,-3.031655788421631,-3.028507947921753,-0.0031478404998779297,-3.6918380856513977,0.6366443037986755
finetuned,base,r1,2.0,cake_impl_01,cake_preheat,cake_preheat,-3.064030885696411,-3.028507947921753,-0.0355229377746582,-3.6918380856513977,0.6366443037986755
finetuned,base,r2,0.0,cake_impl_01,cake_preheat,cake_preheat,-3.028507947921753,-3.028507947921753,0.0,-3.6918380856513977,0.6366443037986755
finetuned,base,r2,1.0,cake_impl_01,cake_preheat,cake_preheat,-3.0380383729934692,-3.028507947921753,-0.009530425071716309,-3.6918380856513977,0.6366443037986755
finetuned,base,r2,2.0,cake_impl_01,cake_preheat,cake_preheat,-2.9444583654403687,-3.028507947921753,0.08404958248138428,-3.6918380856513977,0.6366443037986755
finetuned,finetuned,mu_D,0.0,cake_impl_01,cake_preheat,cake_preheat,0.6366443037986755,0.6366443037986755,0.0,-3.6918380856513977,0.6366443037986755
finetuned,finetuned,mu_D,1.0,cake_impl_01,cake_preheat,cake_preheat,0.7977538108825684,0.6366443037986755,0.16110950708389282,-3.6918380856513977,0.6366443037986755
finetuned,finetuned,mu_D,2.0,cake_impl_01,cake_preheat,cake_preheat,1.1033908128738403,0.6366443037986755,0.4667465090751648,-3.6918380856513977,0.6366443037986755
finetuned,finetuned,r0,0.0,cake_impl_01,cake_preheat,cake_preheat,0.6366443037986755,0.6366443037986755,0.0,-3.6918380856513977,0.6366443037986755
finetuned,finetuned,r0,1.0,cake_impl_01,cake_preheat,cake_preheat,0.6434434056282043,0.6366443037986755,0.006799101829528809,-3.6918380856513977,0.6366443037986755
finetuned,finetuned,r0,2.0,cake_impl_01,cake_preheat,cake_preheat,0.507724404335022,0.6366443037986755,-0.12891989946365356,-3.6918380856513977,0.6366443037986755
finetuned,finetuned,r1,0.0,cake_impl_01,cake_preheat,cake_preheat,0.6366443037986755,0.6366443037986755,0.0,-3.6918380856513977,0.6366443037986755
finetuned,finetuned,r1,1.0,cake_impl_01,cake_preheat,cake_preheat,0.49092918634414673,0.6366443037986755,-0.1457151174545288,-3.6918380856513977,0.6366443037986755
finetuned,finetuned,r1,2.0,cake_impl_01,cake_preheat,cake_preheat,0.4817250370979309,0.6366443037986755,-0.15491926670074463,-3.6918380856513977,0.6366443037986755
finetuned,finetuned,r2,0.0,cake_impl_01,cake_preheat,cake_preheat,0.6366443037986755,0.6366443037986755,0.0,-3.6918380856513977,0.6366443037986755
finetuned,finetuned,r2,1.0,cake_impl_01,cake_preheat,cake_preheat,0.7786235213279724,0.6366443037986755,0.14197921752929688,-3.6918380856513977,0.6366443037986755
finetuned,finetuned,r2,2.0,cake_impl_01,cake_preheat,cake_preheat,0.8265813589096069,0.6366443037986755,0.1899370551109314,-3.6918380856513977,0.6366443037986755
base,base,mu_D,0.0,cake_impl_04,cake_preheat,cake_preheat,-5.6862316727638245,-5.6862316727638245,0.0,-5.6862316727638245,0.45268261432647705
base,base,mu_D,1.0,cake_impl_04,cake_preheat,cake_preheat,-5.307947158813477,-5.6862316727638245,0.3782845139503479,-5.6862316727638245,0.45268261432647705
base,base,mu_D,2.0,cake_impl_04,cake_preheat,cake_preheat,-5.204502761363983,-5.6862316727638245,0.4817289113998413,-5.6862316727638245,0.45268261432647705
base,base,r0,0.0,cake_impl_04,cake_preheat,cake_preheat,-5.6862316727638245,-5.6862316727638245,0.0,-5.6862316727638245,0.45268261432647705
base,base,r0,1.0,cake_impl_04,cake_preheat,cake_preheat,-5.623337745666504,-5.6862316727638245,0.06289392709732056,-5.6862316727638245,0.45268261432647705
base,base,r0,2.0,cake_impl_04,cake_preheat,cake_preheat,-5.550882458686829,-5.6862316727638245,0.13534921407699585,-5.6862316727638245,0.45268261432647705
base,base,r1,0.0,cake_impl_04,cake_preheat,cake_preheat,-5.6862316727638245,-5.6862316727638245,0.0,-5.6862316727638245,0.45268261432647705
base,base,r1,1.0,cake_impl_04,cake_preheat,cake_preheat,-5.388216733932495,-5.6862316727638245,0.29801493883132935,-5.6862316727638245,0.45268261432647705
base,base,r1,2.0,cake_impl_04,cake_preheat,cake_preheat,-5.232917904853821,-5.6862316727638245,0.45331376791000366,-5.6862316727638245,0.45268261432647705
base,base,r2,0.0,cake_impl_04,cake_preheat,cake_preheat,-5.6862316727638245,-5.6862316727638245,0.0,-5.6862316727638245,0.45268261432647705
base,base,r2,1.0,cake_impl_04,cake_preheat,cake_preheat,-5.439438700675964,-5.6862316727638245,0.2467929720878601,-5.6862316727638245,0.45268261432647705
base,base,r2,2.0,cake_impl_04,cake_preheat,cake_preheat,-5.175554692745209,-5.6862316727638245,0.5106769800186157,-5.6862316727638245,0.45268261432647705
base,finetuned,mu_D,0.0,cake_impl_04,cake_preheat,cake_preheat,0.5528490543365479,0.5528490543365479,0.0,-5.6862316727638245,0.45268261432647705
base,finetuned,mu_D,1.0,cake_impl_04,cake_preheat,cake_preheat,0.5662182569503784,0.5528490543365479,0.013369202613830566,-5.6862316727638245,0.45268261432647705
base,finetuned,mu_D,2.0,cake_impl_04,cake_preheat,cake_preheat,0.595685601234436,0.5528490543365479,0.042836546897888184,-5.6862316727638245,0.45268261432647705
base,finetuned,r0,0.0,cake_impl_04,cake_preheat,cake_preheat,0.5528490543365479,0.5528490543365479,0.0,-5.6862316727638245,0.45268261432647705
base,finetuned,r0,1.0,cake_impl_04,cake_preheat,cake_preheat,0.4136064648628235,0.5528490543365479,-0.13924258947372437,-5.6862316727638245,0.45268261432647705
base,finetuned,r0,2.0,cake_impl_04,cake_preheat,cake_preheat,0.551472544670105,0.5528490543365479,-0.001376509666442871,-5.6862316727638245,0.45268261432647705
base,finetuned,r1,0.0,cake_impl_04,cake_preheat,cake_preheat,0.5528490543365479,0.5528490543365479,0.0,-5.6862316727638245,0.45268261432647705
base,finetuned,r1,1.0,cake_impl_04,cake_preheat,cake_preheat,0.7347241640090942,0.5528490543365479,0.1818751096725464,-5.6862316727638245,0.45268261432647705
base,finetuned,r1,2.0,cake_impl_04,cake_preheat,cake_preheat,0.8745976686477661,0.5528490543365479,0.32174861431121826,-5.6862316727638245,0.45268261432647705
base,finetuned,r2,0.0,cake_impl_04,cake_preheat,cake_preheat,0.5528490543365479,0.5528490543365479,0.0,-5.6862316727638245,0.45268261432647705
base,finetuned,r2,1.0,cake_impl_04,cake_preheat,cake_preheat,0.7293713092803955,0.5528490543365479,0.17652225494384766,-5.6862316727638245,0.45268261432647705
base,finetuned,r2,2.0,cake_impl_04,cake_preheat,cake_preheat,0.7586348652839661,0.5528490543365479,0.2057858109474182,-5.6862316727638245,0.45268261432647705
finetuned,base,mu_D,0.0,cake_impl_04,cake_preheat,cake_preheat,-5.614509224891663,-5.614509224891663,0.0,-5.6862316727638245,0.45268261432647705
finetuned,base,mu_D,1.0,cake_impl_04,cake_preheat,cake_preheat,-5.400801181793213,-5.614509224891663,0.2137080430984497,-5.6862316727638245,0.45268261432647705
finetuned,base,mu_D,2.0,cake_impl_04,cake_preheat,cake_preheat,-5.233762800693512,-5.614509224891663,0.38074642419815063,-5.6862316727638245,0.45268261432647705
finetuned,base,r0,0.0,cake_impl_04,cake_preheat,cake_preheat,-5.614509224891663,-5.614509224891663,0.0,-5.6862316727638245,0.45268261432647705
finetuned,base,r0,1.0,cake_impl_04,cake_preheat,cake_preheat,-5.682032644748688,-5.614509224891663,-0.06752341985702515,-5.6862316727638245,0.45268261432647705
finetuned,base,r0,2.0,cake_impl_04,cake_preheat,cake_preheat,-5.7132163643836975,-5.614509224891663,-0.09870713949203491,-5.6862316727638245,0.45268261432647705
finetuned,base,r1,0.0,cake_impl_04,cake_preheat,cake_preheat,-5.614509224891663,-5.614509224891663,0.0,-5.6862316727638245,0.45268261432647705
finetuned,base,r1,1.0,cake_impl_04,cake_preheat,cake_preheat,-5.392150163650513,-5.614509224891663,0.2223590612411499,-5.6862316727638245,0.45268261432647705
finetuned,base,r1,2.0,cake_impl_04,cake_preheat,cake_preheat,-5.336371958255768,-5.614509224891663,0.2781372666358948,-5.6862316727638245,0.45268261432647705
finetuned,base,r2,0.0,cake_impl_04,cake_preheat,cake_preheat,-5.614509224891663,-5.614509224891663,0.0,-5.6862316727638245,0.45268261432647705
finetuned,base,r2,1.0,cake_impl_04,cake_preheat,cake_preheat,-5.524226188659668,-5.614509224891663,0.09028303623199463,-5.6862316727638245,0.45268261432647705
finetuned,base,r2,2.0,cake_impl_04,cake_preheat,cake_preheat,-5.357934892177582,-5.614509224891663,0.2565743327140808,-5.6862316727638245,0.45268261432647705
finetuned,finetuned,mu_D,0.0,cake_impl_04,cake_preheat,cake_preheat,0.45268261432647705,0.45268261432647705,0.0,-5.6862316727638245,0.45268261432647705
finetuned,finetuned,mu_D,1.0,cake_impl_04,cake_preheat,cake_preheat,0.4622941017150879,0.45268261432647705,0.00961148738861084,-5.6862316727638245,0.45268261432647705
finetuned,finetuned,mu_D,2.0,cake_impl_04,cake_preheat,cake_preheat,0.7691251635551453,0.45268261432647705,0.3164425492286682,-5.6862316727638245,0.45268261432647705
finetuned,finetuned,r0,0.0,cake_impl_04,cake_preheat,cake_preheat,0.45268261432647705,0.45268261432647705,0.0,-5.6862316727638245,0.45268261432647705
finetuned,finetuned,r0,1.0,cake_impl_04,cake_preheat,cake_preheat,0.340218722820282,0.45268261432647705,-0.11246389150619507,-5.6862316727638245,0.45268261432647705
finetuned,finetuned,r0,2.0,cake_impl_04,cake_preheat,cake_preheat,0.20879602432250977,0.45268261432647705,-0.24388659000396729,-5.6862316727638245,0.45268261432647705
finetuned,finetuned,r1,0.0,cake_impl_04,cake_preheat,cake_preheat,0.45268261432647705,0.45268261432647705,0.0,-5.6862316727638245,0.45268261432647705
finetuned,finetuned,r1,1.0,cake_impl_04,cake_preheat,cake_preheat,0.6139463782310486,0.45268261432647705,0.16126376390457153,-5.6862316727638245,0.45268261432647705
finetuned,finetuned,r1,2.0,cake_impl_04,cake_preheat,cake_preheat,0.6021868586540222,0.45268261432647705,0.14950424432754517,-5.6862316727638245,0.45268261432647705
finetuned,finetuned,r2,0.0,cake_impl_04,cake_preheat,cake_preheat,0.45268261432647705,0.45268261432647705,0.0,-5.6862316727638245,0.45268261432647705
finetuned,finetuned,r2,1.0,cake_impl_04,cake_preheat,cake_preheat,0.5851448774337769,0.45268261432647705,0.1324622631072998,-5.6862316727638245,0.45268261432647705
finetuned,finetuned,r2,2.0,cake_impl_04,cake_preheat,cake_preheat,0.7401562333106995,0.45268261432647705,0.2874736189842224,-5.6862316727638245,0.45268261432647705
base,base,mu_D,0.0,cake_impl_02,,cake_impl_02,-7.721782088279724,-7.721782088279724,0.0,-7.721782088279724,0.11787974834442139
base,base,mu_D,1.0,cake_impl_02,,cake_impl_02,-7.6422648429870605,-7.721782088279724,0.07951724529266357,-7.721782088279724,0.11787974834442139
base,base,mu_D,2.0,cake_impl_02,,cake_impl_02,-7.592981815338135,-7.721782088279724,0.12880027294158936,-7.721782088279724,0.11787974834442139
base,base,r0,0.0,cake_impl_02,,cake_impl_02,-7.721782088279724,-7.721782088279724,0.0,-7.721782088279724,0.11787974834442139
base,base,r0,1.0,cake_impl_02,,cake_impl_02,-7.69186806678772,-7.721782088279724,0.029914021492004395,-7.721782088279724,0.11787974834442139
base,base,r0,2.0,cake_impl_02,,cake_impl_02,-7.809391260147095,-7.721782088279724,-0.0876091718673706,-7.721782088279724,0.11787974834442139
base,base,r1,0.0,cake_impl_02,,cake_impl_02,-7.721782088279724,-7.721782088279724,0.0,-7.721782088279724,0.11787974834442139
base,base,r1,1.0,cake_impl_02,,cake_impl_02,-7.440359652042389,-7.721782088279724,0.2814224362373352,-7.721782088279724,0.11787974834442139
base,base,r1,2.0,cake_impl_02,,cake_impl_02,-7.494870901107788,-7.721782088279724,0.22691118717193604,-7.721782088279724,0.11787974834442139
base,base,r2,0.0,cake_impl_02,,cake_impl_02,-7.721782088279724,-7.721782088279724,0.0,-7.721782088279724,0.11787974834442139
base,base,r2,1.0,cake_impl_02,,cake_impl_02,-7.565676927566528,-7.721782088279724,0.1561051607131958,-7.721782088279724,0.11787974834442139
base,base,r2,2.0,cake_impl_02,,cake_impl_02,-7.442764401435852,-7.721782088279724,0.27901768684387207,-7.721782088279724,0.11787974834442139
base,finetuned,mu_D,0.0,cake_impl_02,,cake_impl_02,-0.5201343297958374,-0.5201343297958374,0.0,-7.721782088279724,0.11787974834442139
base,finetuned,mu_D,1.0,cake_impl_02,,cake_impl_02,-0.39640676975250244,-0.5201343297958374,0.12372756004333496,-7.721782088279724,0.11787974834442139
base,finetuned,mu_D,2.0,cake_impl_02,,cake_impl_02,-0.396167516708374,-0.5201343297958374,0.12396681308746338,-7.721782088279724,0.11787974834442139
base,finetuned,r0,0.0,cake_impl_02,,cake_impl_02,-0.5201343297958374,-0.5201343297958374,0.0,-7.721782088279724,0.11787974834442139
base,finetuned,r0,1.0,cake_impl_02,,cake_impl_02,-0.524931788444519,-0.5201343297958374,-0.004797458648681641,-7.721782088279724,0.11787974834442139
base,finetuned,r0,2.0,cake_impl_02,,cake_impl_02,-0.6475857496261597,-0.5201343297958374,-0.12745141983032227,-7.721782088279724,0.11787974834442139
base,finetuned,r1,0.0,cake_impl_02,,cake_impl_02,-0.5201343297958374,-0.5201343297958374,0.0,-7.721782088279724,0.11787974834442139
base,finetuned,r1,1.0,cake_impl_02,,cake_impl_02,-0.523116946220398,-0.5201343297958374,-0.002982616424560547,-7.721782088279724,0.11787974834442139
base,finetuned,r1,2.0,cake_impl_02,,cake_impl_02,-0.5239313840866089,-0.5201343297958374,-0.0037970542907714844,-7.721782088279724,0.11787974834442139
base,finetuned,r2,0.0,cake_impl_02,,cake_impl_02,-0.5201343297958374,-0.5201343297958374,0.0,-7.721782088279724,0.11787974834442139
base,finetuned,r2,1.0,cake_impl_02,,cake_impl_02,-0.3925025463104248,-0.5201343297958374,0.1276317834854126,-7.721782088279724,0.11787974834442139
base,finetuned,r2,2.0,cake_impl_02,,cake_impl_02,-0.14204764366149902,-0.5201343297958374,0.3780866861343384,-7.721782088279724,0.11787974834442139
finetuned,base,mu_D,0.0,cake_impl_02,,cake_impl_02,-6.941109359264374,-6.941109359264374,0.0,-7.721782088279724,0.11787974834442139
finetuned,base,mu_D,1.0,cake_impl_02,,cake_impl_02,-6.944653511047363,-6.941109359264374,-0.003544151782989502,-7.721782088279724,0.11787974834442139
finetuned,base,mu_D,2.0,cake_impl_02,,cake_impl_02,-6.7513004541397095,-6.941109359264374,0.1898089051246643,-7.721782088279724,0.11787974834442139
finetuned,base,r0,0.0,cake_impl_02,,cake_impl_02,-6.941109359264374,-6.941109359264374,0.0,-7.721782088279724,0.11787974834442139
finetuned,base,r0,1.0,cake_impl_02,,cake_impl_02,-6.991600394248962,-6.941109359264374,-0.05049103498458862,-7.721782088279724,0.11787974834442139
finetuned,base,r0,2.0,cake_impl_02,,cake_impl_02,-6.9049230217933655,-6.941109359264374,0.0361863374710083,-7.721782088279724,0.11787974834442139
finetuned,base,r1,0.0,cake_impl_02,,cake_impl_02,-6.941109359264374,-6.941109359264374,0.0,-7.721782088279724,0.11787974834442139
finetuned,base,r1,1.0,cake_impl_02,,cake_impl_02,-6.993333041667938,-6.941109359264374,-0.05222368240356445,-7.721782088279724,0.11787974834442139
finetuned,base,r1,2.0,cake_impl_02,,cake_impl_02,-6.860698640346527,-6.941109359264374,0.08041071891784668,-7.721782088279724,0.11787974834442139
finetuned,base,r2,0.0,cake_impl_02,,cake_impl_02,-6.941109359264374,-6.941109359264374,0.0,-7.721782088279724,0.11787974834442139
finetuned,base,r2,1.0,cake_impl_02,,cake_impl_02,-6.943609058856964,-6.941109359264374,-0.002499699592590332,-7.721782088279724,0.11787974834442139
finetuned,base,r2,2.0,cake_impl_02,,cake_impl_02,-6.815436899662018,-6.941109359264374,0.12567245960235596,-7.721782088279724,0.11787974834442139
finetuned,finetuned,mu_D,0.0,cake_impl_02,,cake_impl_02,0.11787974834442139,0.11787974834442139,0.0,-7.721782088279724,0.11787974834442139
finetuned,finetuned,mu_D,1.0,cake_impl_02,,cake_impl_02,0.24649310111999512,0.11787974834442139,0.12861335277557373,-7.721782088279724,0.11787974834442139
finetuned,finetuned,mu_D,2.0,cake_impl_02,,cake_impl_02,0.38062846660614014,0.11787974834442139,0.26274871826171875,-7.721782088279724,0.11787974834442139
finetuned,finetuned,r0,0.0,cake_impl_02,,cake_impl_02,0.11787974834442139,0.11787974834442139,0.0,-7.721782088279724,0.11787974834442139
finetuned,finetuned,r0,1.0,cake_impl_02,,cake_impl_02,-0.004239559173583984,0.11787974834442139,-0.12211930751800537,-7.721782088279724,0.11787974834442139
finetuned,finetuned,r0,2.0,cake_impl_02,,cake_impl_02,-0.004751443862915039,0.11787974834442139,-0.12263119220733643,-7.721782088279724,0.11787974834442139
finetuned,finetuned,r1,0.0,cake_impl_02,,cake_impl_02,0.11787974834442139,0.11787974834442139,0.0,-7.721782088279724,0.11787974834442139
finetuned,finetuned,r1,1.0,cake_impl_02,,cake_impl_02,-0.007585763931274414,0.11787974834442139,-0.1254655122756958,-7.721782088279724,0.11787974834442139
finetuned,finetuned,r1,2.0,cake_impl_02,,cake_impl_02,-0.004407525062561035,0.11787974834442139,-0.12228727340698242,-7.721782088279724,0.11787974834442139
finetuned,finetuned,r2,0.0,cake_impl_02,,cake_impl_02,0.11787974834442139,0.11787974834442139,0.0,-7.721782088279724,0.11787974834442139
finetuned,finetuned,r2,1.0,cake_impl_02,,cake_impl_02,0.24235332012176514,0.11787974834442139,0.12447357177734375,-7.721782088279724,0.11787974834442139
finetuned,finetuned,r2,2.0,cake_impl_02,,cake_impl_02,0.25134313106536865,0.11787974834442139,0.13346338272094727,-7.721782088279724,0.11787974834442139
base,base,mu_D,0.0,cake_impl_03,,cake_impl_03,-7.101009950041771,-7.101009950041771,0.0,-7.101009950041771,0.3668872117996216
base,base,mu_D,1.0,cake_impl_03,,cake_impl_03,-7.055922031402588,-7.101009950041771,0.045087918639183044,-7.101009950041771,0.3668872117996216
base,base,mu_D,2.0,cake_impl_03,,cake_impl_03,-7.061288893222809,-7.101009950041771,0.0397210568189621,-7.101009950041771,0.3668872117996216
base,base,r0,0.0,cake_impl_03,,cake_impl_03,-7.101009950041771,-7.101009950041771,0.0,-7.101009950041771,0.3668872117996216
base,base,r0,1.0,cake_impl_03,,cake_impl_03,-7.020533353090286,-7.101009950041771,0.08047659695148468,-7.101009950041771,0.3668872117996216
base,base,r0,2.0,cake_impl_03,,cake_impl_03,-7.146063208580017,-7.101009950041771,-0.045053258538246155,-7.101009950041771,0.3668872117996216
base,base,r1,0.0,cake_impl_03,,cake_impl_03,-7.101009950041771,-7.101009950041771,0.0,-7.101009950041771,0.3668872117996216
base,base,r1,1.0,cake_impl_03,,cake_impl_03,-7.168237075209618,-7.101009950041771,-0.06722712516784668,-7.101009950041771,0.3668872117996216
base,base,r1,2.0,cake_impl_03,,cake_impl_03,-7.026869863271713,-7.101009950041771,0.07414008677005768,-7.101009950041771,0.3668872117996216
base,base,r2,0.0,cake_impl_03,,cake_impl_03,-7.101009950041771,-7.101009950041771,0.0,-7.101009950041771,0.3668872117996216
base,base,r2,1.0,cake_impl_03,,cake_impl_03,-7.020611718297005,-7.101009950041771,0.08039823174476624,-7.101009950041771,0.3668872117996216
base,base,r2,2.0,cake_impl_03,,cake_impl_03,-7.27067431807518,-7.101009950041771,-0.16966436803340912,-7.101009950041771,0.3668872117996216
base,finetuned,mu_D,0.0,cake_impl_03,,cake_impl_03,-0.6487483382225037,-0.6487483382225037,0.0,-7.101009950041771,0.3668872117996216
base,finetuned,mu_D,1.0,cake_impl_03,,cake_impl_03,-0.644912838935852,-0.6487483382225037,0.0038354992866516113,-7.101009950041771,0.3668872117996216
base,finetuned,mu_D,2.0,cake_impl_03,,cake_impl_03,-0.6452752351760864,-0.6487483382225037,0.0034731030464172363,-7.101009950041771,0.3668872117996216
base,finetuned,r0,0.0,cake_impl_03,,cake_impl_03,-0.6487483382225037,-0.6487483382225037,0.0,-7.101009950041771,0.3668872117996216
base,finetuned,r0,1.0,cake_impl_03,,cake_impl_03,-0.8951042294502258,-0.6487483382225037,-0.24635589122772217,-7.101009950041771,0.3668872117996216
base,finetuned,r0,2.0,cake_impl_03,,cake_impl_03,-0.895707368850708,-0.6487483382225037,-0.24695903062820435,-7.101009950041771,0.3668872117996216
base,finetuned,r1,0.0,cake_impl_03,,cake_impl_03,-0.6487483382225037,-0.6487483382225037,0.0,-7.101009950041771,0.3668872117996216
base,finetuned,r1,1.0,cake_impl_03,,cake_impl_03,-0.6425473690032959,-0.6487483382225037,0.006200969219207764,-7.101009950041771,0.3668872117996216
base,finetuned,r1,2.0,cake_impl_03,,cake_impl_03,-0.6455287933349609,-0.6487483382225037,0.0032195448875427246,-7.101009950041771,0.3668872117996216
base,finetuned,r2,0.0,cake_impl_03,,cake_impl_03,-0.6487483382225037,-0.6487483382225037,0.0,-7.101009950041771,0.3668872117996216
base,finetuned,r2,1.0,cake_impl_03,,cake_impl_03,-0.7669601440429688,-0.6487483382225037,-0.11821180582046509,-7.101009950041771,0.3668872117996216
base,finetuned,r2,2.0,cake_impl_03,,cake_impl_03,-0.5129035115242004,-0.6487483382225037,0.13584482669830322,-7.101009950041771,0.3668872117996216
finetuned,base,mu_D,0.0,cake_impl_03,,cake_impl_03,-7.474144101142883,-7.474144101142883,0.0,-7.101009950041771,0.3668872117996216
finetuned,base,mu_D,1.0,cake_impl_03,,cake_impl_03,-7.404529392719269,-7.474144101142883,0.0696147084236145,-7.101009950041771,0.3668872117996216
finetuned,base,mu_D,2.0,cake_impl_03,,cake_impl_03,-7.246173024177551,-7.474144101142883,0.22797107696533203,-7.101009950041771,0.3668872117996216
finetuned,base,r0,0.0,cake_impl_03,,cake_impl_03,-7.474144101142883,-7.474144101142883,0.0,-7.101009950041771,0.3668872117996216
finetuned,base,r0,1.0,cake_impl_03,,cake_impl_03,-7.447008162736893,-7.474144101142883,0.0271359384059906,-7.101009950041771,0.3668872117996216
finetuned,base,r0,2.0,cake_impl_03,,cake_impl_03,-7.430171072483063,-7.474144101142883,0.04397302865982056,-7.101009950041771,0.3668872117996216
finetuned,base,r1,0.0,cake_impl_03,,cake_impl_03,-7.474144101142883,-7.474144101142883,0.0,-7.101009950041771,0.3668872117996216
finetuned,base,r1,1.0,cake_impl_03,,cake_impl_03,-7.385966956615448,-7.474144101142883,0.0881771445274353,-7.101009950041771,0.3668872117996216
finetuned,base,r1,2.0,cake_impl_03,,cake_impl_03,-7.455816447734833,-7.474144101142883,0.018327653408050537,-7.101009950041771,0.3668872117996216
finetuned,base,r2,0.0,cake_impl_03,,cake_impl_03,-7.474144101142883,-7.474144101142883,0.0,-7.101009950041771,0.3668872117996216
finetuned,base,r2,1.0,cake_impl_03,,cake_impl_03,-7.507727533578873,-7.474144101142883,-0.03358343243598938,-7.101009950041771,0.3668872117996216
finetuned,base,r2,2.0,cake_impl_03,,cake_impl_03,-7.50983002781868,-7.474144101142883,-0.03568592667579651,-7.101009950041771,0.3668872117996216
finetuned,finetuned,mu_D,0.0,cake_impl_03,,cake_impl_03,0.3668872117996216,0.3668872117996216,0.0,-7.101009950041771,0.3668872117996216
finetuned,finetuned,mu_D,1.0,cake_impl_03,,cake_impl_03,0.621285080909729,0.3668872117996216,0.2543978691101074,-7.101009950041771,0.3668872117996216
finetuned,finetuned,mu_D,2.0,cake_impl_03,,cake_impl_03,0.7487227916717529,0.3668872117996216,0.38183557987213135,-7.101009950041771,0.3668872117996216
finetuned,finetuned,r0,0.0,cake_impl_03,,cake_impl_03,0.3668872117996216,0.3668872117996216,0.0,-7.101009950041771,0.3668872117996216
finetuned,finetuned,r0,1.0,cake_impl_03,,cake_impl_03,0.368546724319458,0.3668872117996216,0.0016595125198364258,-7.101009950041771,0.3668872117996216
finetuned,finetuned,r0,2.0,cake_impl_03,,cake_impl_03,0.2420133352279663,0.3668872117996216,-0.12487387657165527,-7.101009950041771,0.3668872117996216
finetuned,finetuned,r1,0.0,cake_impl_03,,cake_impl_03,0.3668872117996216,0.3668872117996216,0.0,-7.101009950041771,0.3668872117996216
finetuned,finetuned,r1,1.0,cake_impl_03,,cake_impl_03,0.49286019802093506,0.3668872117996216,0.12597298622131348,-7.101009950041771,0.3668872117996216
finetuned,finetuned,r1,2.0,cake_impl_03,,cake_impl_03,0.3664156198501587,0.3668872117996216,-0.0004715919494628906,-7.101009950041771,0.3668872117996216
finetuned,finetuned,r2,0.0,cake_impl_03,,cake_impl_03,0.3668872117996216,0.3668872117996216,0.0,-7.101009950041771,0.3668872117996216
finetuned,finetuned,r2,1.0,cake_impl_03,,cake_impl_03,0.619140625,0.3668872117996216,0.2522534132003784,-7.101009950041771,0.3668872117996216
finetuned,finetuned,r2,2.0,cake_impl_03,,cake_impl_03,0.746974766254425,0.3668872117996216,0.38008755445480347,-7.101009950041771,0.3668872117996216
base,base,mu_D,0.0,cake_impl_07,cake_setoven,cake_setoven,-2.6086599826812744,-2.6086599826812744,0.0,-2.6086599826812744,0.729171633720398
base,base,mu_D,1.0,cake_impl_07,cake_setoven,cake_setoven,-2.6433801651000977,-2.6086599826812744,-0.03472018241882324,-2.6086599826812744,0.729171633720398
base,base,mu_D,2.0,cake_impl_07,cake_setoven,cake_setoven,-2.5654043555259705,-2.6086599826812744,0.043255627155303955,-2.6086599826812744,0.729171633720398
base,base,r0,0.0,cake_impl_07,cake_setoven,cake_setoven,-2.6086599826812744,-2.6086599826812744,0.0,-2.6086599826812744,0.729171633720398
base,base,r0,1.0,cake_impl_07,cake_setoven,cake_setoven,-2.5876227021217346,-2.6086599826812744,0.021037280559539795,-2.6086599826812744,0.729171633720398
base,base,r0,2.0,cake_impl_07,cake_setoven,cake_setoven,-2.589461028575897,-2.6086599826812744,0.019198954105377197,-2.6086599826812744,0.729171633720398
base,base,r1,0.0,cake_impl_07,cake_setoven,cake_setoven,-2.6086599826812744,-2.6086599826812744,0.0,-2.6086599826812744,0.729171633720398
base,base,r1,1.0,cake_impl_07,cake_setoven,cake_setoven,-2.489951252937317,-2.6086599826812744,0.11870872974395752,-2.6086599826812744,0.729171633720398
base,base,r1,2.0,cake_impl_07,cake_setoven,cake_setoven,-2.365015387535095,-2.6086599826812744,0.2436445951461792,-2.6086599826812744,0.729171633720398
base,base,r2,0.0,cake_impl_07,cake_setoven,cake_setoven,-2.6086599826812744,-2.6086599826812744,0.0,-2.6086599826812744,0.729171633720398
base,base,r2,1.0,cake_impl_07,cake_setoven,cake_setoven,-2.4253783226013184,-2.6086599826812744,0.18328166007995605,-2.6086599826812744,0.729171633720398
base,base,r2,2.0,cake_impl_07,cake_setoven,cake_setoven,-2.5001479387283325,-2.6086599826812744,0.1085120439529419,-2.6086599826812744,0.729171633720398
base,finetuned,mu_D,0.0,cake_impl_07,cake_setoven,cake_setoven,0.42362600564956665,0.42362600564956665,0.0,-2.6086599826812744,0.729171633720398
base,finetuned,mu_D,1.0,cake_impl_07,cake_setoven,cake_setoven,0.42225074768066406,0.42362600564956665,-0.0013752579689025879,-2.6086599826812744,0.729171633720398
base,finetuned,mu_D,2.0,cake_impl_07,cake_setoven,cake_setoven,0.5551133155822754,0.42362600564956665,0.13148730993270874,-2.6086599826812744,0.729171633720398
base,finetuned,r0,0.0,cake_impl_07,cake_setoven,cake_setoven,0.42362600564956665,0.42362600564956665,0.0,-2.6086599826812744,0.729171633720398
base,finetuned,r0,1.0,cake_impl_07,cake_setoven,cake_setoven,0.4210996627807617,0.42362600564956665,-0.0025263428688049316,-2.6086599826812744,0.729171633720398
base,finetuned,r0,2.0,cake_impl_07,cake_setoven,cake_setoven,0.395804762840271,0.42362600564956665,-0.027821242809295654,-2.6086599826812744,0.729171633720398
base,finetuned,r1,0.0,cake_impl_07,cake_setoven,cake_setoven,0.42362600564956665,0.42362600564956665,0.0,-2.6086599826812744,0.729171633720398
base,finetuned,r1,1.0,cake_impl_07,cake_setoven,cake_setoven,0.4076616168022156,0.42362600564956665,-0.015964388847351074,-2.6086599826812744,0.729171633720398
base,finetuned,r1,2.0,cake_impl_07,cake_setoven,cake_setoven,0.5425435304641724,0.42362600564956665,0.11891752481460571,-2.6086599826812744,0.729171633720398
base,finetuned,r2,0.0,cake_impl_07,cake_setoven,cake_setoven,0.42362600564956665,0.42362600564956665,0.0,-2.6086599826812744,0.729171633720398
base,finetuned,r2,1.0,cake_impl_07,cake_setoven,cake_setoven,0.5455231666564941,0.42362600564956665,0.12189716100692749,-2.6086599826812744,0.729171633720398
base,finetuned,r2,2.0,cake_impl_07,cake_setoven,cake_setoven,0.6755399703979492,0.42362600564956665,0.25191396474838257,-2.6086599826812744,0.729171633720398
finetuned,base,mu_D,0.0,cake_impl_07,cake_setoven,cake_setoven,-2.612990379333496,-2.612990379333496,0.0,-2.6086599826812744,0.729171633720398
finetuned,base,mu_D,1.0,cake_impl_07,cake_setoven,cake_setoven,-2.510018765926361,-2.612990379333496,0.10297161340713501,-2.6086599826812744,0.729171633720398
finetuned,base,mu_D,2.0,cake_impl_07,cake_setoven,cake_setoven,-2.441587269306183,-2.612990379333496,0.17140311002731323,-2.6086599826812744,0.729171633720398
finetuned,base,r0,0.0,cake_impl_07,cake_setoven,cake_setoven,-2.612990379333496,-2.612990379333496,0.0,-2.6086599826812744,0.729171633720398
finetuned,base,r0,1.0,cake_impl_07,cake_setoven,cake_setoven,-2.677696943283081,-2.612990379333496,-0.06470656394958496,-2.6086599826812744,0.729171633720398
finetuned,base,r0,2.0,cake_impl_07,cake_setoven,cake_setoven,-2.716573476791382,-2.612990379333496,-0.10358309745788574,-2.6086599826812744,0.729171633720398
finetuned,base,r1,0.0,cake_impl_07,cake_setoven,cake_setoven,-2.612990379333496,-2.612990379333496,0.0,-2.6086599826812744,0.729171633720398
finetuned,base,r1,1.0,cake_impl_07,cake_setoven,cake_setoven,-2.4424100518226624,-2.612990379333496,0.17058032751083374,-2.6086599826812744,0.729171633720398
finetuned,base,r1,2.0,cake_impl_07,cake_setoven,cake_setoven,-2.5529911518096924,-2.612990379333496,0.05999922752380371,-2.6086599826812744,0.729171633720398
finetuned,base,r2,0.0,cake_impl_07,cake_setoven,cake_setoven,-2.612990379333496,-2.612990379333496,0.0,-2.6086599826812744,0.729171633720398
finetuned,base,r2,1.0,cake_impl_07,cake_setoven,cake_setoven,-2.61864697933197,-2.612990379333496,-0.005656599998474121,-2.6086599826812744,0.729171633720398
finetuned,base,r2,2.0,cake_impl_07,cake_setoven,cake_setoven,-2.4240336418151855,-2.612990379333496,0.18895673751831055,-2.6086599826812744,0.729171633720398
finetuned,finetuned,mu_D,0.0,cake_impl_07,cake_setoven,cake_setoven,0.729171633720398,0.729171633720398,0.0,-2.6086599826812744,0.729171633720398
finetuned,finetuned,mu_D,1.0,cake_impl_07,cake_setoven,cake_setoven,0.7265913486480713,0.729171633720398,-0.00258028507232666,-2.6086599826812744,0.729171633720398
finetuned,finetuned,mu_D,2.0,cake_impl_07,cake_setoven,cake_setoven,0.8373533487319946,0.729171633720398,0.10818171501159668,-2.6086599826812744,0.729171633720398
finetuned,finetuned,r0,0.0,cake_impl_07,cake_setoven,cake_setoven,0.729171633720398,0.729171633720398,0.0,-2.6086599826812744,0.729171633720398
finetuned,finetuned,r0,1.0,cake_impl_07,cake_setoven,cake_setoven,0.5698517560958862,0.729171633720398,-0.15931987762451172,-2.6086599826812744,0.729171633720398
finetuned,finetuned,r0,2.0,cake_impl_07,cake_setoven,cake_setoven,0.5851345062255859,0.729171633720398,-0.144037127494812,-2.6086599826812744,0.729171633720398
finetuned,finetuned,r1,0.0,cake_impl_07,cake_setoven,cake_setoven,0.729171633720398,0.729171633720398,0.0,-2.6086599826812744,0.729171633720398
finetuned,finetuned,r1,1.0,cake_impl_07,cake_setoven,cake_setoven,0.5852019190788269,0.729171633720398,-0.14396971464157104,-2.6086599826812744,0.729171633720398
finetuned,finetuned,r1,2.0,cake_impl_07,cake_setoven,cake_setoven,0.7226155996322632,0.729171633720398,-0.006556034088134766,-2.6086599826812744,0.729171633720398
finetuned,finetuned,r2,0.0,cake_impl_07,cake_setoven,cake_setoven,0.729171633720398,0.729171633720398,0.0,-2.6086599826812744,0.729171633720398
finetuned,finetuned,r2,1.0,cake_impl_07,cake_setoven,cake_setoven,0.7353305816650391,0.729171633720398,0.006158947944641113,-2.6086599826812744,0.729171633720398
finetuned,finetuned,r2,2.0,cake_impl_07,cake_setoven,cake_setoven,0.7381840348243713,0.729171633720398,0.009012401103973389,-2.6086599826812744,0.729171633720398
base,base,mu_D,0.0,cake_impl_08,cake_setoven,cake_setoven,-7.992321133613586,-7.992321133613586,0.0,-7.992321133613586,2.9002127647399902
base,base,mu_D,1.0,cake_impl_08,cake_setoven,cake_setoven,-8.069304570555687,-7.992321133613586,-0.07698343694210052,-7.992321133613586,2.9002127647399902
base,base,mu_D,2.0,cake_impl_08,cake_setoven,cake_setoven,-8.119863003492355,-7.992321133613586,-0.12754186987876892,-7.992321133613586,2.9002127647399902
base,base,r0,0.0,cake_impl_08,cake_setoven,cake_setoven,-7.992321133613586,-7.992321133613586,0.0,-7.992321133613586,2.9002127647399902
base,base,r0,1.0,cake_impl_08,cake_setoven,cake_setoven,-7.966616928577423,-7.992321133613586,0.02570420503616333,-7.992321133613586,2.9002127647399902
base,base,r0,2.0,cake_impl_08,cake_setoven,cake_setoven,-7.63282436132431,-7.992321133613586,0.3594967722892761,-7.992321133613586,2.9002127647399902
base,base,r1,0.0,cake_impl_08,cake_setoven,cake_setoven,-7.992321133613586,-7.992321133613586,0.0,-7.992321133613586,2.9002127647399902
base,base,r1,1.0,cake_impl_08,cake_setoven,cake_setoven,-7.865221232175827,-7.992321133613586,0.1270999014377594,-7.992321133613586,2.9002127647399902
base,base,r1,2.0,cake_impl_08,cake_setoven,cake_setoven,-7.861430585384369,-7.992321133613586,0.13089054822921753,-7.992321133613586,2.9002127647399902
base,base,r2,0.0,cake_impl_08,cake_setoven,cake_setoven,-7.992321133613586,-7.992321133613586,0.0,-7.992321133613586,2.9002127647399902
base,base,r2,1.0,cake_impl_08,cake_setoven,cake_setoven,-8.090463772416115,-7.992321133613586,-0.09814263880252838,-7.992321133613586,2.9002127647399902
base,base,r2,2.0,cake_impl_08,cake_setoven,cake_setoven,-7.954185426235199,-7.992321133613586,0.03813570737838745,-7.992321133613586,2.9002127647399902
base,finetuned,mu_D,0.0,cake_impl_08,cake_setoven,cake_setoven,0.22199177742004395,0.22199177742004395,0.0,-7.992321133613586,2.9002127647399902
base,finetuned,mu_D,1.0,cake_impl_08,cake_setoven,cake_setoven,0.09467929601669312,0.22199177742004395,-0.12731248140335083,-7.992321133613586,2.9002127647399902
base,finetuned,mu_D,2.0,cake_impl_08,cake_setoven,cake_setoven,0.08405721187591553,0.22199177742004395,-0.13793456554412842,-7.992321133613586,2.9002127647399902
base,finetuned,r0,0.0,cake_impl_08,cake_setoven,cake_setoven,0.22199177742004395,0.22199177742004395,0.0,-7.992321133613586,2.9002127647399902
base,finetuned,r0,1.0,cake_impl_08,cake_setoven,cake_setoven,-0.032366156578063965,0.22199177742004395,-0.2543579339981079,-7.992321133613586,2.9002127647399902
base,finetuned,r0,2.0,cake_impl_08,cake_setoven,cake_setoven,-0.15369677543640137,0.22199177742004395,-0.3756885528564453,-7.992321133613586,2.9002127647399902
base,finetuned,r1,0.0,cake_impl_08,cake_setoven,cake_setoven,0.22199177742004395,0.22199177742004395,0.0,-7.992321133613586,2.9002127647399902
base,finetuned,r1,1.0,cake_impl_08,cake_setoven,cake_setoven,-0.03167378902435303,0.22199177742004395,-0.253665566444397,-7.992321133613586,2.9002127647399902
base,finetuned,r1,2.0,cake_impl_08,cake_setoven,cake_setoven,-0.15671402215957642,0.22199177742004395,-0.37870579957962036,-7.992321133613586,2.9002127647399902
base,finetuned,r2,0.0,cake_impl_08,cake_setoven,cake_setoven,0.22199177742004395,0.22199177742004395,0.0,-7.992321133613586,2.9002127647399902
base,finetuned,r2,1.0,cake_impl_08,cake_setoven,cake_setoven,0.09392291307449341,0.22199177742004395,-0.12806886434555054,-7.992321133613586,2.9002127647399902
base,finetuned,r2,2.0,cake_impl_08,cake_setoven,cake_setoven,0.21654289960861206,0.22199177742004395,-0.005448877811431885,-7.992321133613586,2.9002127647399902
finetuned,base,mu_D,0.0,cake_impl_08,cake_setoven,cake_setoven,-6.200873851776123,-6.200873851776123,0.0,-7.992321133613586,2.9002127647399902
finetuned,base,mu_D,1.0,cake_impl_08,cake_setoven,cake_setoven,-6.14112189412117,-6.200873851776123,0.059751957654953,-7.992321133613586,2.9002127647399902
finetuned,base,mu_D,2.0,cake_impl_08,cake_setoven,cake_setoven,-6.3099837601184845,-6.200873851776123,-0.10910990834236145,-7.992321133613586,2.9002127647399902
finetuned,base,r0,0.0,cake_impl_08,cake_setoven,cake_setoven,-6.200873851776123,-6.200873851776123,0.0,-7.992321133613586,2.9002127647399902
finetuned,base,r0,1.0,cake_impl_08,cake_setoven,cake_setoven,-6.20475634932518,-6.200873851776123,-0.003882497549057007,-7.992321133613586,2.9002127647399902
finetuned,base,r0,2.0,cake_impl_08,cake_setoven,cake_setoven,-6.314529925584793,-6.200873851776123,-0.11365607380867004,-7.992321133613586,2.9002127647399902
finetuned,base,r1,0.0,cake_impl_08,cake_setoven,cake_setoven,-6.200873851776123,-6.200873851776123,0.0,-7.992321133613586,2.9002127647399902
finetuned,base,r1,1.0,cake_impl_08,cake_setoven,cake_setoven,-5.993298605084419,-6.200873851776123,0.2075752466917038,-7.992321133613586,2.9002127647399902
finetuned,base,r1,2.0,cake_impl_08,cake_setoven,cake_setoven,-5.745163142681122,-6.200873851776123,0.4557107090950012,-7.992321133613586,2.9002127647399902
finetuned,base,r2,0.0,cake_impl_08,cake_setoven,cake_setoven,-6.200873851776123,-6.200873851776123,0.0,-7.992321133613586,2.9002127647399902
finetuned,base,r2,1.0,cake_impl_08,cake_setoven,cake_setoven,-6.058137118816376,-6.200873851776123,0.14273673295974731,-7.992321133613586,2.9002127647399902
finetuned,base,r2,2.0,cake_impl_08,cake_setoven,cake_setoven,-5.665715768933296,-6.200873851776123,0.5351580828428268,-7.992321133613586,2.9002127647399902
finetuned,finetuned,mu_D,0.0,cake_impl_08,cake_setoven,cake_setoven,2.9002127647399902,2.9002127647399902,0.0,-7.992321133613586,2.9002127647399902
finetuned,finetuned,mu_D,1.0,cake_impl_08,cake_setoven,cake_setoven,2.922346293926239,2.9002127647399902,0.02213352918624878,-7.992321133613586,2.9002127647399902
finetuned,finetuned,mu_D,2.0,cake_impl_08,cake_setoven,cake_setoven,3.2225522994995117,2.9002127647399902,0.3223395347595215,-7.992321133613586,2.9002127647399902
finetuned,finetuned,r0,0.0,cake_impl_08,cake_setoven,cake_setoven,2.9002127647399902,2.9002127647399902,0.0,-7.992321133613586,2.9002127647399902
finetuned,finetuned,r0,1.0,cake_impl_08,cake_setoven,cake_setoven,2.643212676048279,2.9002127647399902,-0.2570000886917114,-7.992321133613586,2.9002127647399902
finetuned,finetuned,r0,2.0,cake_impl_08,cake_setoven,cake_setoven,2.3851906061172485,2.9002127647399902,-0.5150221586227417,-7.992321133613586,2.9002127647399902
finetuned,finetuned,r1,0.0,cake_impl_08,cake_setoven,cake_setoven,2.9002127647399902,2.9002127647399902,0.0,-7.992321133613586,2.9002127647399902
finetuned,finetuned,r1,1.0,cake_impl_08,cake_setoven,cake_setoven,2.9064961373806,2.9002127647399902,0.006283372640609741,-7.992321133613586,2.9002127647399902
finetuned,finetuned,r1,2.0,cake_impl_08,cake_setoven,cake_setoven,2.9204388856887817,2.9002127647399902,0.020226120948791504,-7.992321133613586,2.9002127647399902
finetuned,finetuned,r2,0.0,cake_impl_08,cake_setoven,cake_setoven,2.9002127647399902,2.9002127647399902,0.0,-7.992321133613586,2.9002127647399902
finetuned,finetuned,r2,1.0,cake_impl_08,cake_setoven,cake_setoven,3.039629578590393,2.9002127647399902,0.13941681385040283,-7.992321133613586,2.9002127647399902
finetuned,finetuned,r2,2.0,cake_impl_08,cake_setoven,cake_setoven,3.19242662191391,2.9002127647399902,0.2922138571739197,-7.992321133613586,2.9002127647399902
base,base,mu_D,0.0,cake_impl_16,,cake_impl_16,-5.133612737059593,-5.133612737059593,0.0,-5.133612737059593,1.4816147685050964
base,base,mu_D,1.0,cake_impl_16,,cake_impl_16,-5.007215797901154,-5.133612737059593,0.12639693915843964,-5.133612737059593,1.4816147685050964
base,base,mu_D,2.0,cake_impl_16,,cake_impl_16,-4.818582698702812,-5.133612737059593,0.315030038356781,-5.133612737059593,1.4816147685050964
base,base,r0,0.0,cake_impl_16,,cake_impl_16,-5.133612737059593,-5.133612737059593,0.0,-5.133612737059593,1.4816147685050964
base,base,r0,1.0,cake_impl_16,,cake_impl_16,-5.388577461242676,-5.133612737059593,-0.2549647241830826,-5.133612737059593,1.4816147685050964
base,base,r0,2.0,cake_impl_16,,cake_impl_16,-5.399243995547295,-5.133612737059593,-0.2656312584877014,-5.133612737059593,1.4816147685050964
base,base,r1,0.0,cake_impl_16,,cake_impl_16,-5.133612737059593,-5.133612737059593,0.0,-5.133612737059593,1.4816147685050964
base,base,r1,1.0,cake_impl_16,,cake_impl_16,-4.9206103682518005,-5.133612737059593,0.21300236880779266,-5.133612737059593,1.4816147685050964
base,base,r1,2.0,cake_impl_16,,cake_impl_16,-4.926863074302673,-5.133612737059593,0.20674966275691986,-5.133612737059593,1.4816147685050964
base,base,r2,0.0,cake_impl_16,,cake_impl_16,-5.133612737059593,-5.133612737059593,0.0,-5.133612737059593,1.4816147685050964
base,base,r2,1.0,cake_impl_16,,cake_impl_16,-5.129572540521622,-5.133612737059593,0.004040196537971497,-5.133612737059593,1.4816147685050964
base,base,r2,2.0,cake_impl_16,,cake_impl_16,-5.158555820584297,-5.133612737059593,-0.02494308352470398,-5.133612737059593,1.4816147685050964
base,finetuned,mu_D,0.0,cake_impl_16,,cake_impl_16,0.3644920587539673,0.3644920587539673,0.0,-5.133612737059593,1.4816147685050964
base,finetuned,mu_D,1.0,cake_impl_16,,cake_impl_16,0.36159127950668335,0.3644920587539673,-0.0029007792472839355,-5.133612737059593,1.4816147685050964
base,finetuned,mu_D,2.0,cake_impl_16,,cake_impl_16,0.5111152529716492,0.3644920587539673,0.14662319421768188,-5.133612737059593,1.4816147685050964
base,finetuned,r0,0.0,cake_impl_16,,cake_impl_16,0.3644920587539673,0.3644920587539673,0.0,-5.133612737059593,1.4816147685050964
base,finetuned,r0,1.0,cake_impl_16,,cake_impl_16,0.106356680393219,0.3644920587539673,-0.2581353783607483,-5.133612737059593,1.4816147685050964
base,finetuned,r0,2.0,cake_impl_16,,cake_impl_16,0.09502214193344116,0.3644920587539673,-0.2694699168205261,-5.133612737059593,1.4816147685050964
base,finetuned,r1,0.0,cake_impl_16,,cake_impl_16,0.3644920587539673,0.3644920587539673,0.0,-5.133612737059593,1.4816147685050964
base,finetuned,r1,1.0,cake_impl_16,,cake_impl_16,0.2381882667541504,0.3644920587539673,-0.1263037919998169,-5.133612737059593,1.4816147685050964
base,finetuned,r1,2.0,cake_impl_16,,cake_impl_16,0.22989940643310547,0.3644920587539673,-0.13459265232086182,-5.133612737059593,1.4816147685050964
base,finetuned,r2,0.0,cake_impl_16,,cake_impl_16,0.3644920587539673,0.3644920587539673,0.0,-5.133612737059593,1.4816147685050964
base,finetuned,r2,1.0,cake_impl_16,,cake_impl_16,0.35148847103118896,0.3644920587539673,-0.01300358772277832,-5.133612737059593,1.4816147685050964
base,finetuned,r2,2.0,cake_impl_16,,cake_impl_16,0.35788947343826294,0.3644920587539673,-0.006602585315704346,-5.133612737059593,1.4816147685050964
finetuned,base,mu_D,0.0,cake_impl_16,,cake_impl_16,-3.964949071407318,-3.964949071407318,0.0,-5.133612737059593,1.4816147685050964
finetuned,base,mu_D,1.0,cake_impl_16,,cake_impl_16,-3.9752597212791443,-3.964949071407318,-0.010310649871826172,-5.133612737059593,1.4816147685050964
finetuned,base,mu_D,2.0,cake_impl_16,,cake_impl_16,-3.862128049135208,-3.964949071407318,0.10282102227210999,-5.133612737059593,1.4816147685050964
finetuned,base,r0,0.0,cake_impl_16,,cake_impl_16,-3.964949071407318,-3.964949071407318,0.0,-5.133612737059593,1.4816147685050964
finetuned,base,r0,1.0,cake_impl_16,,cake_impl_16,-4.1235224306583405,-3.964949071407318,-0.15857335925102234,-5.133612737059593,1.4816147685050964
finetuned,base,r0,2.0,cake_impl_16,,cake_impl_16,-4.268302753567696,-3.964949071407318,-0.3033536821603775,-5.133612737059593,1.4816147685050964
finetuned,base,r1,0.0,cake_impl_16,,cake_impl_16,-3.964949071407318,-3.964949071407318,0.0,-5.133612737059593,1.4816147685050964
finetuned,base,r1,1.0,cake_impl_16,,cake_impl_16,-3.978018194437027,-3.964949071407318,-0.013069123029708862,-5.133612737059593,1.4816147685050964
finetuned,base,r1,2.0,cake_impl_16,,cake_impl_16,-3.694525510072708,-3.964949071407318,0.27042356133461,-5.133612737059593,1.4816147685050964
finetuned,base,r2,0.0,cake_impl_16,,cake_impl_16,-3.964949071407318,-3.964949071407318,0.0,-5.133612737059593,1.4816147685050964
finetuned,base,r2,1.0,cake_impl_16,,cake_impl_16,-4.009440034627914,-3.964949071407318,-0.044490963220596313,-5.133612737059593,1.4816147685050964
finetuned,base,r2,2.0,cake_impl_16,,cake_impl_16,-3.922926425933838,-3.964949071407318,0.042022645473480225,-5.133612737059593,1.4816147685050964
finetuned,finetuned,mu_D,0.0,cake_impl_16,,cake_impl_16,1.4816147685050964,1.4816147685050964,0.0,-5.133612737059593,1.4816147685050964
finetuned,finetuned,mu_D,1.0,cake_impl_16,,cake_impl_16,1.7959175109863281,1.4816147685050964,0.3143027424812317,-5.133612737059593,1.4816147685050964
finetuned,finetuned,mu_D,2.0,cake_impl_16,,cake_impl_16,1.9855298399925232,1.4816147685050964,0.5039150714874268,-5.133612737059593,1.4816147685050964
finetuned,finetuned,r0,0.0,cake_impl_16,,cake_impl_16,1.4816147685050964,1.4816147685050964,0.0,-5.133612737059593,1.4816147685050964
finetuned,finetuned,r0,1.0,cake_impl_16,,cake_impl_16,1.4566866159439087,1.4816147685050964,-0.024928152561187744,-5.133612737059593,1.4816147685050964
finetuned,finetuned,r0,2.0,cake_impl_16,,cake_impl_16,1.4500668048858643,1.4816147685050964,-0.03154796361923218,-5.133612737059593,1.4816147685050964
finetuned,finetuned,r1,0.0,cake_impl_16,,cake_impl_16,1.4816147685050964,1.4816147685050964,0.0,-5.133612737059593,1.4816147685050964
finetuned,finetuned,r1,1.0,cake_impl_16,,cake_impl_16,1.3666885495185852,1.4816147685050964,-0.11492621898651123,-5.133612737059593,1.4816147685050964
finetuned,finetuned,r1,2.0,cake_impl_16,,cake_impl_16,1.3836935758590698,1.4816147685050964,-0.09792119264602661,-5.133612737059593,1.4816147685050964
finetuned,finetuned,r2,0.0,cake_impl_16,,cake_impl_16,1.4816147685050964,1.4816147685050964,0.0,-5.133612737059593,1.4816147685050964
finetuned,finetuned,r2,1.0,cake_impl_16,,cake_impl_16,1.6364734172821045,1.4816147685050964,0.15485864877700806,-5.133612737059593,1.4816147685050964
finetuned,finetuned,r2,2.0,cake_impl_16,,cake_impl_16,1.8936707079410553,1.4816147685050964,0.41205593943595886,-5.133612737059593,1.4816147685050964
base,base,mu_D,0.0,cake_impl_17,,cake_impl_17,-4.462739050388336,-4.462739050388336,0.0,-4.462739050388336,0.15051698684692383
base,base,mu_D,1.0,cake_impl_17,,cake_impl_17,-4.5328168869018555,-4.462739050388336,-0.07007783651351929,-4.462739050388336,0.15051698684692383
base,base,mu_D,2.0,cake_impl_17,,cake_impl_17,-4.411051630973816,-4.462739050388336,0.051687419414520264,-4.462739050388336,0.15051698684692383
base,base,r0,0.0,cake_impl_17,,cake_impl_17,-4.462739050388336,-4.462739050388336,0.0,-4.462739050388336,0.15051698684692383
base,base,r0,1.0,cake_impl_17,,cake_impl_17,-4.450083136558533,-4.462739050388336,0.012655913829803467,-4.462739050388336,0.15051698684692383
base,base,r0,2.0,cake_impl_17,,cake_impl_17,-4.590731859207153,-4.462739050388336,-0.12799280881881714,-4.462739050388336,0.15051698684692383
base,base,r1,0.0,cake_impl_17,,cake_impl_17,-4.462739050388336,-4.462739050388336,0.0,-4.462739050388336,0.15051698684692383
base,base,r1,1.0,cake_impl_17,,cake_impl_17,-4.590461432933807,-4.462739050388336,-0.1277223825454712,-4.462739050388336,0.15051698684692383
base,base,r1,2.0,cake_impl_17,,cake_impl_17,-4.458116590976715,-4.462739050388336,0.004622459411621094,-4.462739050388336,0.15051698684692383
base,base,r2,0.0,cake_impl_17,,cake_impl_17,-4.462739050388336,-4.462739050388336,0.0,-4.462739050388336,0.15051698684692383
base,base,r2,1.0,cake_impl_17,,cake_impl_17,-4.321169435977936,-4.462739050388336,0.1415696144104004,-4.462739050388336,0.15051698684692383
base,base,r2,2.0,cake_impl_17,,cake_impl_17,-4.552158236503601,-4.462739050388336,-0.08941918611526489,-4.462739050388336,0.15051698684692383
base,finetuned,mu_D,0.0,cake_impl_17,,cake_impl_17,0.6195290088653564,0.6195290088653564,0.0,-4.462739050388336,0.15051698684692383
base,finetuned,mu_D,1.0,cake_impl_17,,cake_impl_17,0.6062027215957642,0.6195290088653564,-0.013326287269592285,-4.462739050388336,0.15051698684692383
base,finetuned,mu_D,2.0,cake_impl_17,,cake_impl_17,0.48896098136901855,0.6195290088653564,-0.1305680274963379,-4.462739050388336,0.15051698684692383
base,finetuned,r0,0.0,cake_impl_17,,cake_impl_17,0.6195290088653564,0.6195290088653564,0.0,-4.462739050388336,0.15051698684692383
base,finetuned,r0,1.0,cake_impl_17,,cake_impl_17,0.4858137369155884,0.6195290088653564,-0.13371527194976807,-4.462739050388336,0.15051698684692383
base,finetuned,r0,2.0,cake_impl_17,,cake_impl_17,0.43562304973602295,0.6195290088653564,-0.1839059591293335,-4.462739050388336,0.15051698684692383
base,finetuned,r1,0.0,cake_impl_17,,cake_impl_17,0.6195290088653564,0.6195290088653564,0.0,-4.462739050388336,0.15051698684692383
base,finetuned,r1,1.0,cake_impl_17,,cake_impl_17,0.6103545427322388,0.6195290088653564,-0.009174466133117676,-4.462739050388336,0.15051698684692383
base,finetuned,r1,2.0,cake_impl_17,,cake_impl_17,0.46972644329071045,0.6195290088653564,-0.149802565574646,-4.462739050388336,0.15051698684692383
base,finetuned,r2,0.0,cake_impl_17,,cake_impl_17,0.6195290088653564,0.6195290088653564,0.0,-4.462739050388336,0.15051698684692383
base,finetuned,r2,1.0,cake_impl_17,,cake_impl_17,0.6299034357070923,0.6195290088653564,0.01037442684173584,-4.462739050388336,0.15051698684692383
base,finetuned,r2,2.0,cake_impl_17,,cake_impl_17,0.6439634561538696,0.6195290088653564,0.024434447288513184,-4.462739050388336,0.15051698684692383
finetuned,base,mu_D,0.0,cake_impl_17,,cake_impl_17,-4.580182433128357,-4.580182433128357,0.0,-4.462739050388336,0.15051698684692383
finetuned,base,mu_D,1.0,cake_impl_17,,cake_impl_17,-4.41374933719635,-4.580182433128357,0.16643309593200684,-4.462739050388336,0.15051698684692383
finetuned,base,mu_D,2.0,cake_impl_17,,cake_impl_17,-4.2706300020217896,-4.580182433128357,0.3095524311065674,-4.462739050388336,0.15051698684692383
finetuned,base,r0,0.0,cake_impl_17,,cake_impl_17,-4.580182433128357,-4.580182433128357,0.0,-4.462739050388336,0.15051698684692383
finetuned,base,r0,1.0,cake_impl_17,,cake_impl_17,-4.720159530639648,-4.580182433128357,-0.1399770975112915,-4.462739050388336,0.15051698684692383
finetuned,base,r0,2.0,cake_impl_17,,cake_impl_17,-4.812222480773926,-4.580182433128357,-0.23204004764556885,-4.462739050388336,0.15051698684692383
finetuned,base,r1,0.0,cake_impl_17,,cake_impl_17,-4.580182433128357,-4.580182433128357,0.0,-4.462739050388336,0.15051698684692383
finetuned,base,r1,1.0,cake_impl_17,,cake_impl_17,-4.563578963279724,-4.580182433128357,0.016603469848632812,-4.462739050388336,0.15051698684692383
finetuned,base,r1,2.0,cake_impl_17,,cake_impl_17,-4.545910954475403,-4.580182433128357,0.0342714786529541,-4.462739050388336,0.15051698684692383
finetuned,base,r2,0.0,cake_impl_17,,cake_impl_17,-4.580182433128357,-4.580182433128357,0.0,-4.462739050388336,0.15051698684692383
finetuned,base,r2,1.0,cake_impl_17,,cake_impl_17,-4.477348446846008,-4.580182433128357,0.10283398628234863,-4.462739050388336,0.15051698684692383
finetuned,base,r2,2.0,cake_impl_17,,cake_impl_17,-4.298481225967407,-4.580182433128357,0.2817012071609497,-4.462739050388336,0.15051698684692383
finetuned,finetuned,mu_D,0.0,cake_impl_17,,cake_impl_17,0.15051698684692383,0.15051698684692383,0.0,-4.462739050388336,0.15051698684692383
finetuned,finetuned,mu_D,1.0,cake_impl_17,,cake_impl_17,0.06007838249206543,0.15051698684692383,-0.0904386043548584,-4.462739050388336,0.15051698684692383
finetuned,finetuned,mu_D,2.0,cake_impl_17,,cake_impl_17,0.3219928741455078,0.15051698684692383,0.17147588729858398,-4.462739050388336,0.15051698684692383
finetuned,finetuned,r0,0.0,cake_impl_17,,cake_impl_17,0.15051698684692383,0.15051698684692383,0.0,-4.462739050388336,0.15051698684692383
finetuned,finetuned,r0,1.0,cake_impl_17,,cake_impl_17,-0.12525367736816406,0.15051698684692383,-0.2757706642150879,-4.462739050388336,0.15051698684692383
finetuned,finetuned,r0,2.0,cake_impl_17,,cake_impl_17,-0.14003896713256836,0.15051698684692383,-0.2905559539794922,-4.462739050388336,0.15051698684692383
finetuned,finetuned,r1,0.0,cake_impl_17,,cake_impl_17,0.15051698684692383,0.15051698684692383,0.0,-4.462739050388336,0.15051698684692383
finetuned,finetuned,r1,1.0,cake_impl_17,,cake_impl_17,0.03553462028503418,0.15051698684692383,-0.11498236656188965,-4.462739050388336,0.15051698684692383
finetuned,finetuned,r1,2.0,cake_impl_17,,cake_impl_17,0.029360055923461914,0.15051698684692383,-0.12115693092346191,-4.462739050388336,0.15051698684692383
finetuned,finetuned,r2,0.0,cake_impl_17,,cake_impl_17,0.15051698684692383,0.15051698684692383,0.0,-4.462739050388336,0.15051698684692383
finetuned,finetuned,r2,1.0,cake_impl_17,,cake_impl_17,0.1659531593322754,0.15051698684692383,0.015436172485351562,-4.462739050388336,0.15051698684692383
finetuned,finetuned,r2,2.0,cake_impl_17,,cake_impl_17,0.304335355758667,0.15051698684692383,0.15381836891174316,-4.462739050388336,0.15051698684692383
base,base,mu_D,0.0,cake_impl_18,,cake_impl_18,-3.122885823249817,-3.122885823249817,0.0,-3.122885823249817,0.32280397415161133
base,base,mu_D,1.0,cake_impl_18,,cake_impl_18,-3.270084321498871,-3.122885823249817,-0.14719849824905396,-3.122885823249817,0.32280397415161133
base,base,mu_D,2.0,cake_impl_18,,cake_impl_18,-3.3243865370750427,-3.122885823249817,-0.20150071382522583,-3.122885823249817,0.32280397415161133
base,base,r0,0.0,cake_impl_18,,cake_impl_18,-3.122885823249817,-3.122885823249817,0.0,-3.122885823249817,0.32280397415161133
base,base,r0,1.0,cake_impl_18,,cake_impl_18,-3.5408613979816437,-3.122885823249817,-0.4179755747318268,-3.122885823249817,0.32280397415161133
base,base,r0,2.0,cake_impl_18,,cake_impl_18,-3.6396072804927826,-3.122885823249817,-0.5167214572429657,-3.122885823249817,0.32280397415161133
base,base,r1,0.0,cake_impl_18,,cake_impl_18,-3.122885823249817,-3.122885823249817,0.0,-3.122885823249817,0.32280397415161133
base,base,r1,1.0,cake_impl_18,,cake_impl_18,-3.1278236508369446,-3.122885823249817,-0.0049378275871276855,-3.122885823249817,0.32280397415161133
base,base,r1,2.0,cake_impl_18,,cake_impl_18,-2.95277738571167,-3.122885823249817,0.17010843753814697,-3.122885823249817,0.32280397415161133
base,base,r2,0.0,cake_impl_18,,cake_impl_18,-3.122885823249817,-3.122885823249817,0.0,-3.122885823249817,0.32280397415161133
base,base,r2,1.0,cake_impl_18,,cake_impl_18,-3.10751736164093,-3.122885823249817,0.015368461608886719,-3.122885823249817,0.32280397415161133
base,base,r2,2.0,cake_impl_18,,cake_impl_18,-2.791559398174286,-3.122885823249817,0.331326425075531,-3.122885823249817,0.32280397415161133
base,finetuned,mu_D,0.0,cake_impl_18,,cake_impl_18,1.1078602075576782,1.1078602075576782,0.0,-3.122885823249817,0.32280397415161133
base,finetuned,mu_D,1.0,cake_impl_18,,cake_impl_18,0.9782528877258301,1.1078602075576782,-0.12960731983184814,-3.122885823249817,0.32280397415161133
base,finetuned,mu_D,2.0,cake_impl_18,,cake_impl_18,1.0180630683898926,1.1078602075576782,-0.08979713916778564,-3.122885823249817,0.32280397415161133
base,finetuned,r0,0.0,cake_impl_18,,cake_impl_18,1.1078602075576782,1.1078602075576782,0.0,-3.122885823249817,0.32280397415161133
base,finetuned,r0,1.0,cake_impl_18,,cake_impl_18,0.9498654007911682,1.1078602075576782,-0.15799480676651,-3.122885823249817,0.32280397415161133
base,finetuned,r0,2.0,cake_impl_18,,cake_impl_18,0.8204942941665649,1.1078602075576782,-0.2873659133911133,-3.122885823249817,0.32280397415161133
base,finetuned,r1,0.0,cake_impl_18,,cake_impl_18,1.1078602075576782,1.1078602075576782,0.0,-3.122885823249817,0.32280397415161133
base,finetuned,r1,1.0,cake_impl_18,,cake_impl_18,1.2592812180519104,1.1078602075576782,0.15142101049423218,-3.122885823249817,0.32280397415161133
base,finetuned,r1,2.0,cake_impl_18,,cake_impl_18,1.227985143661499,1.1078602075576782,0.1201249361038208,-3.122885823249817,0.32280397415161133
base,finetuned,r2,0.0,cake_impl_18,,cake_impl_18,1.1078602075576782,1.1078602075576782,0.0,-3.122885823249817,0.32280397415161133
base,finetuned,r2,1.0,cake_impl_18,,cake_impl_18,1.1156388521194458,1.1078602075576782,0.007778644561767578,-3.122885823249817,0.32280397415161133
base,finetuned,r2,2.0,cake_impl_18,,cake_impl_18,1.4093364477157593,1.1078602075576782,0.30147624015808105,-3.122885823249817,0.32280397415161133
finetuned,base,mu_D,0.0,cake_impl_18,,cake_impl_18,-4.010959506034851,-4.010959506034851,0.0,-3.122885823249817,0.32280397415161133
finetuned,base,mu_D,1.0,cake_impl_18,,cake_impl_18,-3.722085416316986,-4.010959506034851,0.288874089717865,-3.122885823249817,0.32280397415161133
finetuned,base,mu_D,2.0,cake_impl_18,,cake_impl_18,-3.4107640385627747,-4.010959506034851,0.6001954674720764,-3.122885823249817,0.32280397415161133
finetuned,base,r0,0.0,cake_impl_18,,cake_impl_18,-4.010959506034851,-4.010959506034851,0.0,-3.122885823249817,0.32280397415161133
finetuned,base,r0,1.0,cake_impl_18,,cake_impl_18,-4.179802656173706,-4.010959506034851,-0.16884315013885498,-3.122885823249817,0.32280397415161133
finetuned,base,r0,2.0,cake_impl_18,,cake_impl_18,-4.2234161496162415,-4.010959506034851,-0.21245664358139038,-3.122885823249817,0.32280397415161133
finetuned,base,r1,0.0,cake_impl_18,,cake_impl_18,-4.010959506034851,-4.010959506034851,0.0,-3.122885823249817,0.32280397415161133
finetuned,base,r1,1.0,cake_impl_18,,cake_impl_18,-3.8752126693725586,-4.010959506034851,0.13574683666229248,-3.122885823249817,0.32280397415161133
finetuned,base,r1,2.0,cake_impl_18,,cake_impl_18,-3.671110153198242,-4.010959506034851,0.3398493528366089,-3.122885823249817,0.32280397415161133
finetuned,base,r2,0.0,cake_impl_18,,cake_impl_18,-4.010959506034851,-4.010959506034851,0.0,-3.122885823249817,0.32280397415161133
finetuned,base,r2,1.0,cake_impl_18,,cake_impl_18,-3.810701608657837,-4.010959506034851,0.20025789737701416,-3.122885823249817,0.32280397415161133
finetuned,base,r2,2.0,cake_impl_18,,cake_impl_18,-3.8143885135650635,-4.010959506034851,0.1965709924697876,-3.122885823249817,0.32280397415161133
finetuned,finetuned,mu_D,0.0,cake_impl_18,,cake_impl_18,0.32280397415161133,0.32280397415161133,0.0,-3.122885823249817,0.32280397415161133
finetuned,finetuned,mu_D,1.0,cake_impl_18,,cake_impl_18,0.4531913995742798,0.32280397415161133,0.13038742542266846,-3.122885823249817,0.32280397415161133
finetuned,finetuned,mu_D,2.0,cake_impl_18,,cake_impl_18,0.6541653871536255,0.32280397415161133,0.33136141300201416,-3.122885823249817,0.32280397415161133
finetuned,finetuned,r0,0.0,cake_impl_18,,cake_impl_18,0.32280397415161133,0.32280397415161133,0.0,-3.122885823249817,0.32280397415161133
finetuned,finetuned,r0,1.0,cake_impl_18,,cake_impl_18,0.18725931644439697,0.32280397415161133,-0.13554465770721436,-3.122885823249817,0.32280397415161133
finetuned,finetuned,r0,2.0,cake_impl_18,,cake_impl_18,-0.08459186553955078,0.32280397415161133,-0.4073958396911621,-3.122885823249817,0.32280397415161133
finetuned,finetuned,r1,0.0,cake_impl_18,,cake_impl_18,0.32280397415161133,0.32280397415161133,0.0,-3.122885823249817,0.32280397415161133
finetuned,finetuned,r1,1.0,cake_impl_18,,cake_impl_18,0.31844496726989746,0.32280397415161133,-0.004359006881713867,-3.122885823249817,0.32280397415161133
finetuned,finetuned,r1,2.0,cake_impl_18,,cake_impl_18,0.3185133934020996,0.32280397415161133,-0.004290580749511719,-3.122885823249817,0.32280397415161133
finetuned,finetuned,r2,0.0,cake_impl_18,,cake_impl_18,0.32280397415161133,0.32280397415161133,0.0,-3.122885823249817,0.32280397415161133
finetuned,finetuned,r2,1.0,cake_impl_18,,cake_impl_18,0.34443604946136475,0.32280397415161133,0.021632075309753418,-3.122885823249817,0.32280397415161133
finetuned,finetuned,r2,2.0,cake_impl_18,,cake_impl_18,0.466544508934021,0.32280397415161133,0.14374053478240967,-3.122885823249817,0.32280397415161133
