panel,readout,organism,alpha,arm,norm_reference,value,rank_le,n_above,random_min,random_median,random_max
ultrachat,recovery,cake,0.0,mu_D,mu_D,0.0,23,0,0.0,0.0,0.0
fineweb,recovery,cake,0.0,mu_D,mu_D,0.0,23,0,0.0,0.0,0.0
ultrachat,recovery,cake,0.0,mu_D_perp_matched,mu_D,0.0,23,0,0.0,0.0,0.0
fineweb,recovery,cake,0.0,mu_D_perp_matched,mu_D,0.0,23,0,0.0,0.0,0.0
ultrachat,recovery,cake,0.0,mu_Dprime_matched,mu_D,0.0,23,0,0.0,0.0,0.0
fineweb,recovery,cake,0.0,mu_Dprime_matched,mu_D,0.0,23,0,0.0,0.0,0.0
ultrachat,recovery,cake,0.0,mu_D_par,mu_D_par,0.0,23,0,0.0,0.0,0.0
fineweb,recovery,cake,0.0,mu_D_par,mu_D_par,0.0,23,0,0.0,0.0,0.0
ultrachat,recovery,cake,0.0,mu_D_perp_native,mu_D_perp_native,0.0,23,0,0.0,0.0,0.0
fineweb,recovery,cake,0.0,mu_D_perp_native,mu_D_perp_native,0.0,23,0,0.0,0.0,0.0
ultrachat,fluency_drop,cake,0.0,mu_D,mu_D,0.0,23,0,0.0,0.0,0.0
fineweb,fluency_drop,cake,0.0,mu_D,mu_D,0.0,23,0,0.0,0.0,0.0
ultrachat,fluency_drop,cake,0.0,mu_D_perp_matched,mu_D,0.0,23,0,0.0,0.0,0.0
fineweb,fluency_drop,cake,0.0,mu_D_perp_matched,mu_D,0.0,23,0,0.0,0.0,0.0
ultrachat,fluency_drop,cake,0.0,mu_Dprime_matched,mu_D,0.0,23,0,0.0,0.0,0.0
fineweb,fluency_drop,cake,0.0,mu_Dprime_matched,mu_D,0.0,23,0,0.0,0.0,0.0
ultrachat,fluency_drop,cake,0.0,mu_D_par,mu_D_par,0.0,23,0,0.0,0.0,0.0
fineweb,fluency_drop,cake,0.0,mu_D_par,mu_D_par,0.0,23,0,0.0,0.0,0.0
ultrachat,fluency_drop,cake,0.0,mu_D_perp_native,mu_D_perp_native,0.0,23,0,0.0,0.0,0.0
fineweb,fluency_drop,cake,0.0,mu_D_perp_native,mu_D_perp_native,0.0,23,0,0.0,0.0,0.0
ultrachat,recovery,cake,0.5,mu_D,mu_D,0.1137122630319567,23,0,-0.034054870207644194,-0.0010926686021031085,0.026383494767009963
fineweb,recovery,cake,0.5,mu_D,mu_D,0.07731493432344339,23,0,-0.029968044707308295,-0.007057901542743883,0.018771579219098777
ultrachat,recovery,cake,0.5,mu_D_perp_matched,mu_D,0.0704370323289697,23,0,-0.034054870207644194,-0.0010926686021031085,0.026383494767009963
fineweb,recovery,cake,0.5,mu_D_perp_matched,mu_D,0.05151273062971773,23,0,-0.029968044707308295,-0.007057901542743883,0.018771579219098777
ultrachat,recovery,cake,0.5,mu_Dprime_matched,mu_D,0.08577600004300301,23,0,-0.034054870207644194,-0.0010926686021031085,0.026383494767009963
fineweb,recovery,cake,0.5,mu_Dprime_matched,mu_D,0.05549952399376368,23,0,-0.029968044707308295,-0.007057901542743883,0.018771579219098777
ultrachat,recovery,cake,0.5,mu_D_par,mu_D_par,0.07390994585354638,23,0,-0.02527714405634285,0.0010985161736264404,0.020806673738186343
fineweb,recovery,cake,0.5,mu_D_par,mu_D_par,0.04739571444880297,23,0,-0.024158760010476676,-0.005485620523856483,0.01618797538718575
ultrachat,recovery,cake,0.5,mu_D_perp_native,mu_D_perp_native,0.040887659317355274,23,0,-0.0169211721123943,0.0010541513133208724,0.014687575444367718
fineweb,recovery,cake,0.5,mu_D_perp_native,mu_D_perp_native,0.029320690025786522,23,0,-0.015655564940763256,-0.0033150216574655555,0.010784279558959109
ultrachat,fluency_drop,cake,0.5,mu_D,mu_D,-0.0016314377860418006,7,16,-0.011314180162217635,0.0018795974670897664,0.016997473580496525
fineweb,fluency_drop,cake,0.5,mu_D,mu_D,-0.0024466514587402344,0,23,-0.0016487515161909272,0.0002195040384926905,0.006299594091990546
ultrachat,fluency_drop,cake,0.5,mu_D_perp_matched,mu_D,-0.01569455010550369,0,23,-0.011314180162217635,0.0018795974670897664,0.016997473580496525
fineweb,fluency_drop,cake,0.5,mu_D_perp_matched,mu_D,-0.009050081646631458,0,23,-0.0016487515161909272,0.0002195040384926905,0.006299594091990546
ultrachat,fluency_drop,cake,0.5,mu_Dprime_matched,mu_D,0.008584408533005572,21,2,-0.011314180162217635,0.0018795974670897664,0.016997473580496525
fineweb,fluency_drop,cake,0.5,mu_Dprime_matched,mu_D,0.003988326541961129,20,3,-0.0016487515161909272,0.0002195040384926905,0.006299594091990546
ultrachat,fluency_drop,cake,0.5,mu_D_par,mu_D_par,0.0065353257315501345,21,2,-0.010689954909067101,0.0008303210848854548,0.014366025016421258
fineweb,fluency_drop,cake,0.5,mu_D_par,mu_D_par,0.003040941934736807,20,3,-0.0013938782707092479,0.0005244603232732459,0.005015728965638289
ultrachat,fluency_drop,cake,0.5,mu_D_perp_native,mu_D_perp_native,-0.009428433009556425,0,23,-0.007045730711921827,0.0001611482529413344,0.009779843073042915
fineweb,fluency_drop,cake,0.5,mu_D_perp_native,mu_D_perp_native,-0.005375854552738257,0,23,-0.0013470422653925063,0.00025528953188924675,0.002926039317297402
ultrachat,recovery,cake,1.0,mu_D,mu_D,0.20979832683413346,23,0,-0.08628478409552409,-0.016365773697731845,0.032588752192020065
fineweb,recovery,cake,1.0,mu_D,mu_D,0.1490546110553046,23,0,-0.06890812612841501,-0.02088041853691025,0.02829395563635506
ultrachat,recovery,cake,1.0,mu_D_perp_matched,mu_D,0.12385123621656702,23,0,-0.08628478409552409,-0.016365773697731845,0.032588752192020065
fineweb,recovery,cake,1.0,mu_D_perp_matched,mu_D,0.09305957670103893,23,0,-0.06890812612841501,-0.02088041853691025,0.02829395563635506
ultrachat,recovery,cake,1.0,mu_Dprime_matched,mu_D,0.14863800398268345,23,0,-0.08628478409552409,-0.016365773697731845,0.032588752192020065
fineweb,recovery,cake,1.0,mu_Dprime_matched,mu_D,0.1024158573027919,23,0,-0.06890812612841501,-0.02088041853691025,0.02829395563635506
ultrachat,recovery,cake,1.0,mu_D_par,mu_D_par,0.1292255114201344,23,0,-0.06832642164922675,-0.009758569391777883,0.03098990034682314
fineweb,recovery,cake,1.0,mu_D_par,mu_D_par,0.08770608042230921,23,0,-0.054592641473169,-0.015946788956840763,0.025704139243139745
ultrachat,recovery,cake,1.0,mu_D_perp_native,mu_D_perp_native,0.07591432376186924,23,0,-0.0380779824167794,-0.0014099900172548363,0.02543420121475093
fineweb,recovery,cake,1.0,mu_D_perp_native,mu_D_perp_native,0.05625190098384503,23,0,-0.03430190008277356,-0.008381888160555073,0.019700205704251572
ultrachat,fluency_drop,cake,1.0,mu_D,mu_D,-0.00112647858877013,8,15,-0.018733456021263528,0.004947071983700813,0.039416725673373065
fineweb,fluency_drop,cake,1.0,mu_D,mu_D,-0.0016141921754866395,1,22,-0.0016250080532498323,0.0020258767264231814,0.013736770266578269
ultrachat,fluency_drop,cake,1.0,mu_D_perp_matched,mu_D,-0.03011048786223869,0,23,-0.018733456021263528,0.004947071983700813,0.039416725673373065
fineweb,fluency_drop,cake,1.0,mu_D_perp_matched,mu_D,-0.015755184113033227,0,23,-0.0016250080532498323,0.0020258767264231814,0.013736770266578269
ultrachat,fluency_drop,cake,1.0,mu_Dprime_matched,mu_D,0.02291039058140365,21,2,-0.018733456021263528,0.004947071983700813,0.039416725673373065
fineweb,fluency_drop,cake,1.0,mu_Dprime_matched,mu_D,0.012752086397201268,22,1,-0.0016250080532498323,0.0020258767264231814,0.013736770266578269
ultrachat,fluency_drop,cake,1.0,mu_D_par,mu_D_par,0.018762384142194666,21,2,-0.017066444669450842,0.003603761158292418,0.031887406394595086
fineweb,fluency_drop,cake,1.0,mu_D_par,mu_D_par,0.009495296175517698,21,2,-0.0023389619494240677,0.0011693333822582197,0.010984874906994069
ultrachat,fluency_drop,cake,1.0,mu_D_perp_native,mu_D_perp_native,-0.017292715254284108,0,23,-0.011587661410134675,0.0010599673740450122,0.0183039165678478
fineweb,fluency_drop,cake,1.0,mu_D_perp_native,mu_D_perp_native,-0.010266818697490354,0,23,-0.0017184227231950011,0.000492928520081648,0.006817832825675829
ultrachat,recovery,cake,2.0,mu_D,mu_D,0.32371348605456274,23,0,-0.26484383696663105,-0.07617397029199857,0.011441553738888555
fineweb,recovery,cake,2.0,mu_D,mu_D,0.2514042396630439,23,0,-0.1744031265927506,-0.06570268678370406,0.02289113678265753
ultrachat,recovery,cake,2.0,mu_D_perp_matched,mu_D,0.19002948182751644,23,0,-0.26484383696663105,-0.07617397029199857,0.011441553738888555
fineweb,recovery,cake,2.0,mu_D_perp_matched,mu_D,0.13952651850226772,23,0,-0.1744031265927506,-0.06570268678370406,0.02289113678265753
ultrachat,recovery,cake,2.0,mu_Dprime_matched,mu_D,0.15739921489968323,23,0,-0.26484383696663105,-0.07617397029199857,0.011441553738888555
fineweb,recovery,cake,2.0,mu_Dprime_matched,mu_D,0.1329636124596042,23,0,-0.1744031265927506,-0.06570268678370406,0.02289113678265753
ultrachat,recovery,cake,2.0,mu_D_par,mu_D_par,0.1725698401711191,23,0,-0.19466349527327065,-0.051912694465254816,0.023470695867074065
fineweb,recovery,cake,2.0,mu_D_par,mu_D_par,0.13547239693306146,23,0,-0.13571046259819108,-0.05057657743824806,0.027905182030113385
ultrachat,recovery,cake,2.0,mu_D_perp_native,mu_D_perp_native,0.13422691894533223,23,0,-0.09857430370027931,-0.021536154508191352,0.033135996870808815
fineweb,recovery,cake,2.0,mu_D_perp_native,mu_D_perp_native,0.09887568757798726,23,0,-0.07711946512833645,-0.024185393173872027,0.02928249818008688
ultrachat,fluency_drop,cake,2.0,mu_D,mu_D,0.011786699295043945,11,12,-0.026708239600771844,0.01583025190565346,0.09411233568948418
fineweb,fluency_drop,cake,2.0,mu_D,mu_D,0.01382756611657543,13,10,0.001743475596109878,0.009727356925843367,0.035549163818359375
ultrachat,fluency_drop,cake,2.0,mu_D_perp_matched,mu_D,-0.04972377655998095,0,23,-0.026708239600771844,0.01583025190565346,0.09411233568948418
fineweb,fluency_drop,cake,2.0,mu_D_perp_matched,mu_D,-0.02271760456145744,0,23,0.001743475596109878,0.009727356925843367,0.035549163818359375
ultrachat,fluency_drop,cake,2.0,mu_Dprime_matched,mu_D,0.07544388089861176,22,1,-0.026708239600771844,0.01583025190565346,0.09411233568948418
fineweb,fluency_drop,cake,2.0,mu_Dprime_matched,mu_D,0.05263918922060995,23,0,0.001743475596109878,0.009727356925843367,0.035549163818359375
ultrachat,fluency_drop,cake,2.0,mu_D_par,mu_D_par,0.05483225792173352,21,2,-0.02563166239904957,0.011339248172820504,0.07339617941114662
fineweb,fluency_drop,cake,2.0,mu_D_par,mu_D_par,0.0353243010384694,23,0,0.0002989087785993938,0.006637762463281849,0.027661482493082534
ultrachat,fluency_drop,cake,2.0,mu_D_perp_native,mu_D_perp_native,-0.03285950706118612,0,23,-0.020960856997777277,0.005565302712576603,0.04303638140360544
fineweb,fluency_drop,cake,2.0,mu_D_perp_native,mu_D_perp_native,-0.017302142249213226,0,23,-0.0017443989950511885,0.002676736740839125,0.015494392031714987
ultrachat,recovery,cake,4.0,mu_D,mu_D,0.08072693367664163,23,0,-0.9400316996927818,-0.37196147288215986,-0.19813333202329608
fineweb,recovery,cake,4.0,mu_D,mu_D,-0.03916189540510184,23,0,-0.5332168495207281,-0.2900887685995863,-0.09760492383327413
ultrachat,recovery,cake,4.0,mu_D_perp_matched,mu_D,0.12494760865838506,23,0,-0.9400316996927818,-0.37196147288215986,-0.19813333202329608
fineweb,recovery,cake,4.0,mu_D_perp_matched,mu_D,0.0570611641250115,23,0,-0.5332168495207281,-0.2900887685995863,-0.09760492383327413
ultrachat,recovery,cake,4.0,mu_Dprime_matched,mu_D,-0.39027938731585854,8,15,-0.9400316996927818,-0.37196147288215986,-0.19813333202329608
fineweb,recovery,cake,4.0,mu_Dprime_matched,mu_D,-0.48123884571685505,2,21,-0.5332168495207281,-0.2900887685995863,-0.09760492383327413
ultrachat,recovery,cake,4.0,mu_D_par,mu_D_par,-0.1268814908433462,21,2,-0.6601923982865883,-0.2443204304722264,-0.10048646903208391
fineweb,recovery,cake,4.0,mu_D_par,mu_D_par,-0.1558504012394173,15,8,-0.3942052862481338,-0.18708634833160187,-0.028827390536506847
ultrachat,recovery,cake,4.0,mu_D_perp_native,mu_D_perp_native,0.19647627644293897,23,0,-0.3078447172169092,-0.08980478416986526,0.002243947020722503
fineweb,recovery,cake,4.0,mu_D_perp_native,mu_D_perp_native,0.14221667078910527,23,0,-0.20165201301483915,-0.07703527557356282,0.020200689537419714
ultrachat,fluency_drop,cake,4.0,mu_D,mu_D,0.09821411919972256,20,3,-0.01779585792904781,0.04990477789016001,0.27443739724537686
fineweb,fluency_drop,cake,4.0,mu_D,mu_D,0.15673738055759,23,0,0.027731978704058857,0.045715415288531513,0.10767789114089243
ultrachat,fluency_drop,cake,4.0,mu_D_perp_matched,mu_D,-0.05043879009428487,0,23,-0.01779585792904781,0.04990477789016001,0.27443739724537686
fineweb,fluency_drop,cake,4.0,mu_D_perp_matched,mu_D,-0.0016858994014681272,0,23,0.027731978704058857,0.045715415288531513,0.10767789114089243
ultrachat,fluency_drop,cake,4.0,mu_Dprime_matched,mu_D,0.2662785885825989,22,1,-0.01779585792904781,0.04990477789016001,0.27443739724537686
fineweb,fluency_drop,cake,4.0,mu_Dprime_matched,mu_D,0.290472946469746,23,0,0.027731978704058857,0.045715415288531513,0.10767789114089243
ultrachat,fluency_drop,cake,4.0,mu_D_par,mu_D_par,0.19469309231591625,22,1,-0.02816084074595615,0.037223558577280436,0.20343512580508305
fineweb,fluency_drop,cake,4.0,mu_D_par,mu_D_par,0.19166262944539403,23,0,0.014434655507405747,0.029800331781780987,0.07866303882901615
ultrachat,fluency_drop,cake,4.0,mu_D_perp_native,mu_D_perp_native,-0.05182063011896032,0,23,-0.028251712284390607,0.0186812158614873,0.1074663684481667
fineweb,fluency_drop,cake,4.0,mu_D_perp_native,mu_D_perp_native,-0.022424985492040417,0,23,0.002673429156106799,0.011670316968645178,0.04046867764185347
ultrachat,recovery,concrete,0.0,mu_D,mu_D,0.0,23,0,0.0,0.0,0.0
fineweb,recovery,concrete,0.0,mu_D,mu_D,0.0,23,0,0.0,0.0,0.0
ultrachat,recovery,concrete,0.0,mu_D_perp_matched,mu_D,0.0,23,0,0.0,0.0,0.0
fineweb,recovery,concrete,0.0,mu_D_perp_matched,mu_D,0.0,23,0,0.0,0.0,0.0
ultrachat,recovery,concrete,0.0,mu_Dprime_matched,mu_D,0.0,23,0,0.0,0.0,0.0
fineweb,recovery,concrete,0.0,mu_Dprime_matched,mu_D,0.0,23,0,0.0,0.0,0.0
ultrachat,recovery,concrete,0.0,mu_D_par,mu_D_par,0.0,23,0,0.0,0.0,0.0
fineweb,recovery,concrete,0.0,mu_D_par,mu_D_par,0.0,23,0,0.0,0.0,0.0
ultrachat,recovery,concrete,0.0,mu_D_perp_native,mu_D_perp_native,0.0,23,0,0.0,0.0,0.0
fineweb,recovery,concrete,0.0,mu_D_perp_native,mu_D_perp_native,0.0,23,0,0.0,0.0,0.0
ultrachat,fluency_drop,concrete,0.0,mu_D,mu_D,0.0,23,0,0.0,0.0,0.0
fineweb,fluency_drop,concrete,0.0,mu_D,mu_D,0.0,23,0,0.0,0.0,0.0
ultrachat,fluency_drop,concrete,0.0,mu_D_perp_matched,mu_D,0.0,23,0,0.0,0.0,0.0
fineweb,fluency_drop,concrete,0.0,mu_D_perp_matched,mu_D,0.0,23,0,0.0,0.0,0.0
ultrachat,fluency_drop,concrete,0.0,mu_Dprime_matched,mu_D,0.0,23,0,0.0,0.0,0.0
fineweb,fluency_drop,concrete,0.0,mu_Dprime_matched,mu_D,0.0,23,0,0.0,0.0,0.0
ultrachat,fluency_drop,concrete,0.0,mu_D_par,mu_D_par,0.0,23,0,0.0,0.0,0.0
fineweb,fluency_drop,concrete,0.0,mu_D_par,mu_D_par,0.0,23,0,0.0,0.0,0.0
ultrachat,fluency_drop,concrete,0.0,mu_D_perp_native,mu_D_perp_native,0.0,23,0,0.0,0.0,0.0
fineweb,fluency_drop,concrete,0.0,mu_D_perp_native,mu_D_perp_native,0.0,23,0,0.0,0.0,0.0
ultrachat,recovery,concrete,0.5,mu_D,mu_D,0.15300662213126004,23,0,-0.052936470976598704,-0.007968986052202753,0.03952274806381029
fineweb,recovery,concrete,0.5,mu_D,mu_D,0.09038867762615388,23,0,-0.03583110804033551,-0.005826519815137932,0.025002978502707385
ultrachat,recovery,concrete,0.5,mu_D_perp_matched,mu_D,0.032812064649235584,22,1,-0.052936470976598704,-0.007968986052202753,0.03952274806381029
fineweb,recovery,concrete,0.5,mu_D_perp_matched,mu_D,0.018575104077263038,21,2,-0.03583110804033551,-0.005826519815137932,0.025002978502707385
ultrachat,recovery,concrete,0.5,mu_Dprime_matched,mu_D,0.1592857489977183,23,0,-0.052936470976598704,-0.007968986052202753,0.03952274806381029
fineweb,recovery,concrete,0.5,mu_Dprime_matched,mu_D,0.09162774919572592,23,0,-0.03583110804033551,-0.005826519815137932,0.025002978502707385
ultrachat,recovery,concrete,0.5,mu_D_par,mu_D_par,0.13297085439636835,23,0,-0.04228500059009077,-0.004379751484224537,0.03553321009963384
fineweb,recovery,concrete,0.5,mu_D_par,mu_D_par,0.07655196214903104,23,0,-0.029912945244505496,-0.004741756637187677,0.021863486114773623
ultrachat,recovery,concrete,0.5,mu_D_perp_native,mu_D_perp_native,0.023037334181739588,22,1,-0.02538135795416996,-0.0006028484904805342,0.027073156152927713
fineweb,recovery,concrete,0.5,mu_D_perp_native,mu_D_perp_native,0.011954330154744008,22,1,-0.019257800828891725,-0.002627761181206223,0.015462572172209255
ultrachat,fluency_drop,concrete,0.5,mu_D,mu_D,0.020616773575071523,21,2,-0.01738928613208568,0.004569568331279417,0.03468905554877377
fineweb,fluency_drop,concrete,0.5,mu_D,mu_D,0.01120362206110892,22,1,-0.0018089006817532116,0.0018486900935097417,0.012975064534989755
ultrachat,fluency_drop,concrete,0.5,mu_D_perp_matched,mu_D,0.041098114043947476,23,0,-0.01738928613208568,0.004569568331279417,0.03468905554877377
fineweb,fluency_drop,concrete,0.5,mu_D_perp_matched,mu_D,0.02339151170518683,23,0,-0.0018089006817532116,0.0018486900935097417,0.012975064534989755
ultrachat,fluency_drop,concrete,0.5,mu_Dprime_matched,mu_D,-0.0028256423889643223,6,17,-0.01738928613208568,0.004569568331279417,0.03468905554877377
fineweb,fluency_drop,concrete,0.5,mu_Dprime_matched,mu_D,-0.0019052747696166605,0,23,-0.0018089006817532116,0.0018486900935097417,0.012975064534989755
ultrachat,fluency_drop,concrete,0.5,mu_D_par,mu_D_par,-0.002533318504454485,8,15,-0.015137975178067364,0.002682712343004212,0.028415835092938213
fineweb,fluency_drop,concrete,0.5,mu_D_par,mu_D_par,-0.0022022761995827977,0,23,-0.0019091500176324772,0.0011731178041487489,0.010127945551796635
ultrachat,fluency_drop,concrete,0.5,mu_D_perp_native,mu_D_perp_native,0.019386083360702244,23,0,-0.010839133035569049,0.0004886861831425726,0.017498281266954407
fineweb,fluency_drop,concrete,0.5,mu_D_perp_native,mu_D_perp_native,0.011150405520484519,23,0,-0.0016492434910366782,0.0005875693427190853,0.005931914798797067
ultrachat,recovery,concrete,1.0,mu_D,mu_D,0.26262934192145715,23,0,-0.1537862361875868,-0.03571428588115433,0.054102439216228815
fineweb,recovery,concrete,1.0,mu_D,mu_D,0.17521702615965218,23,0,-0.08362338689920046,-0.01903914363037429,0.04102945719566953
ultrachat,recovery,concrete,1.0,mu_D_perp_matched,mu_D,0.035037416152930545,22,1,-0.1537862361875868,-0.03571428588115433,0.054102439216228815
fineweb,recovery,concrete,1.0,mu_D_perp_matched,mu_D,0.026364823427190154,21,2,-0.08362338689920046,-0.01903914363037429,0.04102945719566953
ultrachat,recovery,concrete,1.0,mu_Dprime_matched,mu_D,0.284893199139865,23,0,-0.1537862361875868,-0.03571428588115433,0.054102439216228815
fineweb,recovery,concrete,1.0,mu_Dprime_matched,mu_D,0.18227528630512535,23,0,-0.08362338689920046,-0.01903914363037429,0.04102945719566953
ultrachat,recovery,concrete,1.0,mu_D_par,mu_D_par,0.24966143080667336,23,0,-0.1165755812578142,-0.023923956058638396,0.0534307791253783
fineweb,recovery,concrete,1.0,mu_D_par,mu_D_par,0.15378767441728491,23,0,-0.0669597565293456,-0.013281814875765185,0.03747886382436538
ultrachat,recovery,concrete,1.0,mu_D_perp_native,mu_D_perp_native,0.03404965722618547,22,1,-0.06122105359024088,-0.009271979435547584,0.04127311146405088
fineweb,recovery,concrete,1.0,mu_D_perp_native,mu_D_perp_native,0.020382083968353726,21,2,-0.04005723127925909,-0.006649466360863832,0.027460953263257815
ultrachat,fluency_drop,concrete,1.0,mu_D,mu_D,0.06338483946663986,21,2,-0.026137931006295467,0.013792003904070427,0.08326528185889837
fineweb,fluency_drop,concrete,1.0,mu_D,mu_D,0.04351954233078725,23,0,0.0008877421182300615,0.008189420851449913,0.031201801602802615
ultrachat,fluency_drop,concrete,1.0,mu_D_perp_matched,mu_D,0.09552562804449183,23,0,-0.026137931006295467,0.013792003904070427,0.08326528185889837
fineweb,fluency_drop,concrete,1.0,mu_D_perp_matched,mu_D,0.05869720852564253,23,0,0.0008877421182300615,0.008189420851449913,0.031201801602802615
ultrachat,fluency_drop,concrete,1.0,mu_Dprime_matched,mu_D,0.008718732803587148,11,12,-0.026137931006295467,0.013792003904070427,0.08326528185889837
fineweb,fluency_drop,concrete,1.0,mu_Dprime_matched,mu_D,0.009533359890892434,12,11,0.0008877421182300615,0.008189420851449913,0.031201801602802615
ultrachat,fluency_drop,concrete,1.0,mu_D_par,mu_D_par,0.003003328565567287,11,12,-0.023294055272662373,0.009910617555890955,0.06661528254312188
fineweb,fluency_drop,concrete,1.0,mu_D_par,mu_D_par,0.003608075399247568,10,13,0.00019093165321937278,0.005573590596517075,0.02442180542718786
ultrachat,fluency_drop,concrete,1.0,mu_D_perp_native,mu_D_perp_native,0.04527283850170338,23,0,-0.01907222990005719,0.005039741122533581,0.038589583502875335
fineweb,fluency_drop,concrete,1.0,mu_D_perp_native,mu_D_perp_native,0.026196358695862898,23,0,-0.0019193982321117353,0.0021436630733431272,0.013790879930768885
ultrachat,recovery,concrete,2.0,mu_D,mu_D,0.21826708136252315,23,0,-0.5229540851109813,-0.16127771809173863,0.007330985358335096
fineweb,recovery,concrete,2.0,mu_D,mu_D,0.17637201010853387,23,0,-0.22436376142845615,-0.06909310730359097,0.03238485035569849
ultrachat,recovery,concrete,2.0,mu_D_perp_matched,mu_D,-0.09424674841417824,20,3,-0.5229540851109813,-0.16127771809173863,0.007330985358335096
fineweb,recovery,concrete,2.0,mu_D_perp_matched,mu_D,-0.031217375409529957,18,5,-0.22436376142845615,-0.06909310730359097,0.03238485035569849
ultrachat,recovery,concrete,2.0,mu_Dprime_matched,mu_D,0.33712623240571715,23,0,-0.5229540851109813,-0.16127771809173863,0.007330985358335096
fineweb,recovery,concrete,2.0,mu_Dprime_matched,mu_D,0.25946915771683765,23,0,-0.22436376142845615,-0.06909310730359097,0.03238485035569849
ultrachat,recovery,concrete,2.0,mu_D_par,mu_D_par,0.3591878540710768,23,0,-0.37427081488302094,-0.10465659441762454,0.03354268475265243
fineweb,recovery,concrete,2.0,mu_D_par,mu_D_par,0.2655282488946358,23,0,-0.17179227659773533,-0.048224062453472216,0.04264732398549376
ultrachat,recovery,concrete,2.0,mu_D_perp_native,mu_D_perp_native,0.0297827165846114,22,1,-0.1779009981352162,-0.04414570551159036,0.053883760599211517
fineweb,recovery,concrete,2.0,mu_D_perp_native,mu_D_perp_native,0.024608811088226545,19,4,-0.09345197144431516,-0.021849077639833014,0.04257442621653951
ultrachat,fluency_drop,concrete,2.0,mu_D,mu_D,0.22836535695999416,22,1,-0.024085029723152296,0.041773497112213676,0.2381539306943381
fineweb,fluency_drop,concrete,2.0,mu_D,mu_D,0.23891936408148862,23,0,0.02017454873947866,0.03641453243437276,0.09228066035679428
ultrachat,fluency_drop,concrete,2.0,mu_D_perp_matched,mu_D,0.25903429682292645,23,0,-0.024085029723152296,0.041773497112213676,0.2381539306943381
fineweb,fluency_drop,concrete,2.0,mu_D_perp_matched,mu_D,0.17954257934812512,23,0,0.02017454873947866,0.03641453243437276,0.09228066035679428
ultrachat,fluency_drop,concrete,2.0,mu_Dprime_matched,mu_D,0.07826044445946101,19,4,-0.024085029723152296,0.041773497112213676,0.2381539306943381
fineweb,fluency_drop,concrete,2.0,mu_Dprime_matched,mu_D,0.11908336669679676,23,0,0.02017454873947866,0.03641453243437276,0.09228066035679428
ultrachat,fluency_drop,concrete,2.0,mu_D_par,mu_D_par,0.04961675310891778,17,6,-0.0290273560418024,0.03243574641999736,0.1782976786295576
fineweb,fluency_drop,concrete,2.0,mu_D_par,mu_D_par,0.06637679962884802,22,1,0.01053215965392118,0.02488727418203185,0.06871891021728516
ultrachat,fluency_drop,concrete,2.0,mu_D_perp_native,mu_D_perp_native,0.10907637883746446,23,0,-0.026840490008157136,0.017153429606604487,0.09415525103372246
fineweb,fluency_drop,concrete,2.0,mu_D_perp_native,mu_D_perp_native,0.06730833507719503,23,0,0.0016989632258339604,0.009703658875964916,0.03544065687391473
ultrachat,recovery,concrete,4.0,mu_D,mu_D,-1.0976613106159006,12,11,-3.4413689444956495,-1.1217596867354875,-0.6103905642711491
fineweb,recovery,concrete,4.0,mu_D,mu_D,-0.9104364765091042,8,15,-2.822749959442235,-0.6794550813390658,-0.31031154462220645
ultrachat,recovery,concrete,4.0,mu_D_perp_matched,mu_D,-1.1053080490584124,12,11,-3.4413689444956495,-1.1217596867354875,-0.6103905642711491
fineweb,recovery,concrete,4.0,mu_D_perp_matched,mu_D,-0.749863770060841,10,13,-2.822749959442235,-0.6794550813390658,-0.31031154462220645
ultrachat,recovery,concrete,4.0,mu_Dprime_matched,mu_D,-1.2829039236386213,10,13,-3.4413689444956495,-1.1217596867354875,-0.6103905642711491
fineweb,recovery,concrete,4.0,mu_Dprime_matched,mu_D,-1.3277142929010917,1,22,-2.822749959442235,-0.6794550813390658,-0.31031154462220645
ultrachat,recovery,concrete,4.0,mu_D_par,mu_D_par,-0.42416179259145936,22,1,-1.4988825047495422,-0.6869622162008573,-0.3845564308924805
fineweb,recovery,concrete,4.0,mu_D_par,mu_D_par,-0.4669032188291464,6,17,-0.6047219824621168,-0.38390903354526795,-0.1540076937720054
ultrachat,recovery,concrete,4.0,mu_D_perp_native,mu_D_perp_native,-0.14338288003733446,18,5,-0.6191106141651779,-0.20536929710633434,-0.016558502991871338
fineweb,recovery,concrete,4.0,mu_D_perp_native,mu_D_perp_native,-0.05817124921704342,18,5,-0.25956891013386607,-0.0856324801410262,0.021892238318655832
ultrachat,fluency_drop,concrete,4.0,mu_D,mu_D,0.7908028950766912,20,3,0.047570050708831246,0.28326644973149406,1.3809895136999706
fineweb,fluency_drop,concrete,4.0,mu_D,mu_D,0.8678092275347029,22,1,0.14763491494315018,0.29346382050287145,1.1428969171312118
ultrachat,fluency_drop,concrete,4.0,mu_D_perp_matched,mu_D,0.7961552559383334,20,3,0.047570050708831246,0.28326644973149406,1.3809895136999706
fineweb,fluency_drop,concrete,4.0,mu_D_perp_matched,mu_D,0.6844023220122808,22,1,0.14763491494315018,0.29346382050287145,1.1428969171312118
ultrachat,fluency_drop,concrete,4.0,mu_Dprime_matched,mu_D,0.6442035569085016,18,5,0.047570050708831246,0.28326644973149406,1.3809895136999706
fineweb,fluency_drop,concrete,4.0,mu_Dprime_matched,mu_D,0.8684264289008246,22,1,0.14763491494315018,0.29346382050287145,1.1428969171312118
ultrachat,fluency_drop,concrete,4.0,mu_D_par,mu_D_par,0.33878523205953925,18,5,-0.030730788669888653,0.1610569159189863,0.5803075366550021
fineweb,fluency_drop,concrete,4.0,mu_D_par,mu_D_par,0.5364031640310136,23,0,0.08463655956207772,0.1596827809772794,0.28679684230259506
ultrachat,fluency_drop,concrete,4.0,mu_D_perp_native,mu_D_perp_native,0.2976439491150873,23,0,-0.01820849236987865,0.0505580485813204,0.27418793950762055
fineweb,fluency_drop,concrete,4.0,mu_D_perp_native,mu_D_perp_native,0.2115775895497154,23,0,0.027654662964835985,0.04604491733369365,0.10785885462685219
