readout,arm,alpha,sign,point,ci_lo,ci_hi,n_questions,n_items,label,normalised,gap_ft_minus_base,mean_B,mean_B_base,mean_B_ft,mean_B_prompt,composition
temp_implanted,mu_in_14_native,0.0,0,0.0,0.0,0.0,7,9,near_zero,0.0,6.04723049061639,-5.361650726624897,-5.361650726624897,0.6855797639914921,-5.669328710862568,implanted=9
temp_implanted,mu_in_14_native,0.5,-,-0.045199149421283176,-0.14247488070811545,0.05776749891894199,7,9,near_zero,-0.007474355325370781,6.04723049061639,-5.406849876046181,-5.361650726624897,0.6855797639914921,-5.669328710862568,implanted=9
temp_implanted,mu_in_14_native,1.0,-,-0.06840929814747401,-0.20326850387666906,0.08455665106219895,7,9,near_zero,-0.01131250053286808,6.04723049061639,-5.430060024772372,-5.361650726624897,0.6855797639914921,-5.669328710862568,implanted=9
temp_implanted,mu_in_14_native,2.0,-,-0.20867694169282913,-0.40040384765182224,0.022447843184428436,7,9,inconclusive,-0.03450785314312682,6.04723049061639,-5.570327668317726,-5.361650726624897,0.6855797639914921,-5.669328710862568,implanted=9
temp_implanted,mu_in_14_native,4.0,-,-0.07109659564282213,-0.7926069844713701,0.5992161338350595,7,9,inconclusive,-0.01175688536316652,6.04723049061639,-5.43274732226772,-5.361650726624897,0.6855797639914921,-5.669328710862568,implanted=9
temp_implanted,mu_in_14_matched,0.0,0,0.0,0.0,0.0,7,9,near_zero,0.0,6.04723049061639,-5.361650726624897,-5.361650726624897,0.6855797639914921,-5.669328710862568,implanted=9
temp_implanted,mu_in_14_matched,0.5,-,-0.020601860114506314,-0.09240061938762664,0.04180313433919629,7,9,near_zero,-0.0034068256777172023,6.04723049061639,-5.382252586739404,-5.361650726624897,0.6855797639914921,-5.669328710862568,implanted=9
temp_implanted,mu_in_14_matched,1.0,-,-0.01189357042312622,-0.08224436853613172,0.06565213847373201,7,9,near_zero,-0.001966779741830862,6.04723049061639,-5.373544297048023,-5.361650726624897,0.6855797639914921,-5.669328710862568,implanted=9
temp_implanted,mu_in_14_matched,2.0,-,-0.04743266957146781,-0.14112858229449818,0.08211849241384427,7,9,near_zero,-0.007843701285252818,6.04723049061639,-5.409083396196365,-5.361650726624897,0.6855797639914921,-5.669328710862568,implanted=9
temp_implanted,mu_in_14_matched,4.0,-,-0.1748482095343726,-0.3896012755376952,0.07974173357444131,7,9,near_zero,-0.028913766360598975,6.04723049061639,-5.53649893615927,-5.361650726624897,0.6855797639914921,-5.669328710862568,implanted=9
temp_implanted,mu_in_all_native,0.0,0,0.0,0.0,0.0,7,9,near_zero,0.0,6.04723049061639,-5.361650726624897,-5.361650726624897,0.6855797639914921,-5.669328710862568,implanted=9
temp_implanted,mu_in_all_native,0.5,+,0.010357896132128579,-0.04200652451919658,0.08230341952294108,7,9,near_zero,0.0017128330312861624,6.04723049061639,-5.351292830492769,-5.361650726624897,0.6855797639914921,-5.669328710862568,implanted=9
temp_implanted,mu_in_all_native,1.0,-,-0.005088646497045245,-0.12423027876232352,0.11461292462689533,7,9,near_zero,-0.0008414838007152863,6.04723049061639,-5.366739373121943,-5.361650726624897,0.6855797639914921,-5.669328710862568,implanted=9
temp_implanted,mu_in_all_native,2.0,-,-0.026901947068316594,-0.2269971557892859,0.1963282915630508,7,9,near_zero,-0.004448639275460211,6.04723049061639,-5.388552673693214,-5.361650726624897,0.6855797639914921,-5.669328710862568,implanted=9
temp_implanted,mu_in_all_native,4.0,-,-0.06507788984371084,-0.5085802096175029,0.36862270321164814,7,9,inconclusive,-0.010761602347503294,6.04723049061639,-5.426728616468608,-5.361650726624897,0.6855797639914921,-5.669328710862568,implanted=9
temp_implanted,mu_in_all_matched,0.0,0,0.0,0.0,0.0,7,9,near_zero,0.0,6.04723049061639,-5.361650726624897,-5.361650726624897,0.6855797639914921,-5.669328710862568,implanted=9
temp_implanted,mu_in_all_matched,0.5,+,0.014529988169670105,-0.01864029126507895,0.05530952428068433,7,9,near_zero,0.0024027508447406762,6.04723049061639,-5.347120738455227,-5.361650726624897,0.6855797639914921,-5.669328710862568,implanted=9
temp_implanted,mu_in_all_matched,1.0,-,-0.004253751465252468,-0.063860841521195,0.05686316415667534,7,9,near_zero,-0.0007034214210708687,6.04723049061639,-5.36590447809015,-5.361650726624897,0.6855797639914921,-5.669328710862568,implanted=9
temp_implanted,mu_in_all_matched,2.0,+,0.02319172982658659,-0.10474714956113271,0.1687082205499916,7,9,near_zero,0.003835099366986865,6.04723049061639,-5.338458996798311,-5.361650726624897,0.6855797639914921,-5.669328710862568,implanted=9
temp_implanted,mu_in_all_matched,4.0,-,-0.0012512989342212677,-0.17729977937415242,0.2095638645945913,7,9,near_zero,-0.00020692099237211705,6.04723049061639,-5.362902025559118,-5.361650726624897,0.6855797639914921,-5.669328710862568,implanted=9
implanted_factual_all,mu_in_14_native,0.0,0,0.0,0.0,0.0,10,12,near_zero,0.0,6.390587550401688,-5.484008112549782,-5.484008112549782,0.9065794378519059,-5.150755754113197,implanted=12
implanted_factual_all,mu_in_14_native,0.5,-,-0.02747919112443924,-0.10508481182157993,0.050584760978817936,10,12,near_zero,-0.004299947525593637,6.390587550401688,-5.511487303674221,-5.484008112549782,0.9065794378519059,-5.150755754113197,implanted=12
implanted_factual_all,mu_in_14_native,1.0,-,-0.0048509776592254635,-0.15111234351992608,0.15210368163883686,10,12,near_zero,-0.0007590816370116938,6.390587550401688,-5.488859090209007,-5.484008112549782,0.9065794378519059,-5.150755754113197,implanted=12
implanted_factual_all,mu_in_14_native,2.0,+,0.00707290843129158,-0.33728277880698443,0.3925045999698338,10,12,near_zero,0.001106769663275641,6.390587550401688,-5.47693520411849,-5.484008112549782,0.9065794378519059,-5.150755754113197,implanted=12
implanted_factual_all,mu_in_14_native,4.0,+,0.7568453514948488,-0.2793386005610227,2.0660167853161675,10,12,inconclusive,0.11843126246619944,6.390587550401688,-4.727162761054933,-5.484008112549782,0.9065794378519059,-5.150755754113197,implanted=12
implanted_factual_all,mu_in_14_matched,0.0,0,0.0,0.0,0.0,10,12,near_zero,0.0,6.390587550401688,-5.484008112549782,-5.484008112549782,0.9065794378519059,-5.150755754113197,implanted=12
implanted_factual_all,mu_in_14_matched,0.5,-,-0.014466077089309692,-0.07810812871903182,0.050393147692084306,10,12,near_zero,-0.002263653689933473,6.390587550401688,-5.498474189639092,-5.484008112549782,0.9065794378519059,-5.150755754113197,implanted=12
implanted_factual_all,mu_in_14_matched,1.0,+,0.008571106195449828,-0.05146559994667769,0.07610579140484323,10,12,near_zero,0.0013412078510544906,6.390587550401688,-5.475437006354332,-5.484008112549782,0.9065794378519059,-5.150755754113197,implanted=12
implanted_factual_all,mu_in_14_matched,2.0,-,-0.0028263866901397706,-0.10708476025611162,0.11843582779169076,10,12,near_zero,-0.0004422733696782098,6.390587550401688,-5.486834499239921,-5.484008112549782,0.9065794378519059,-5.150755754113197,implanted=12
implanted_factual_all,mu_in_14_matched,4.0,+,0.00702534168958664,-0.32586691401898865,0.37218982093036157,10,12,near_zero,0.0010993264131316147,6.390587550401688,-5.476982770860195,-5.484008112549782,0.9065794378519059,-5.150755754113197,implanted=12
implanted_factual_all,mu_in_all_native,0.0,0,0.0,0.0,0.0,10,12,near_zero,0.0,6.390587550401688,-5.484008112549782,-5.484008112549782,0.9065794378519059,-5.150755754113197,implanted=12
implanted_factual_all,mu_in_all_native,0.5,+,0.017176441103219985,-0.06956357721239328,0.10807865913957349,10,12,near_zero,0.0026877718156197296,6.390587550401688,-5.4668316714465615,-5.484008112549782,0.9065794378519059,-5.150755754113197,implanted=12
implanted_factual_all,mu_in_all_native,1.0,+,0.05186382979154587,-0.13014988221228124,0.29659906964749083,10,12,near_zero,0.008115659066166132,6.390587550401688,-5.432144282758236,-5.484008112549782,0.9065794378519059,-5.150755754113197,implanted=12
implanted_factual_all,mu_in_all_native,2.0,+,0.06840878464281559,-0.302480055000633,0.576751922694966,10,12,inconclusive,0.010704615828088558,6.390587550401688,-5.415599327906966,-5.484008112549782,0.9065794378519059,-5.150755754113197,implanted=12
implanted_factual_all,mu_in_all_native,4.0,+,0.34640299854800105,-0.2990150973945856,1.2090715785138306,10,12,inconclusive,0.05420518783538573,6.390587550401688,-5.137605114001781,-5.484008112549782,0.9065794378519059,-5.150755754113197,implanted=12
implanted_factual_all,mu_in_all_matched,0.0,0,0.0,0.0,0.0,10,12,near_zero,0.0,6.390587550401688,-5.484008112549782,-5.484008112549782,0.9065794378519059,-5.150755754113197,implanted=12
implanted_factual_all,mu_in_all_matched,0.5,+,0.027438743412494658,-0.026451513655483722,0.0897242253646254,10,12,near_zero,0.004293618262184666,6.390587550401688,-5.456569369137287,-5.484008112549782,0.9065794378519059,-5.150755754113197,implanted=12
implanted_factual_all,mu_in_all_matched,1.0,+,0.02087915688753128,-0.07147824652493,0.12399484947323791,10,12,near_zero,0.003267173279899576,6.390587550401688,-5.463128955662251,-5.484008112549782,0.9065794378519059,-5.150755754113197,implanted=12
implanted_factual_all,mu_in_all_matched,2.0,+,0.094593957811594,-0.10517281712964176,0.36904986815527047,10,12,near_zero,0.01480207524981771,6.390587550401688,-5.389414154738188,-5.484008112549782,0.9065794378519059,-5.150755754113197,implanted=12
implanted_factual_all,mu_in_all_matched,4.0,+,0.07272428758442402,-0.28980088531039655,0.5628208081331101,10,12,inconclusive,0.011379906309217664,6.390587550401688,-5.411283824965357,-5.484008112549782,0.9065794378519059,-5.150755754113197,implanted=12
implanted_completion_preference,mu_in_14_native,0.0,0,0.0,0.0,0.0,4,4,near_zero,0.0,4.937500113621354,-0.37500010058283806,-0.37500010058283806,4.562500013038516,-0.24999989569187164,implanted_completion_preference=4
implanted_completion_preference,mu_in_14_native,0.5,+,0.09375018626451492,-0.06249988079071045,0.2500002533197403,4,4,near_zero,0.018987379059674573,4.937500113621354,-0.28124991431832314,-0.37500010058283806,4.562500013038516,-0.24999989569187164,implanted_completion_preference=4
implanted_completion_preference,mu_in_14_native,1.0,-,-3.725290298461914e-09,-0.4374999403953552,0.3125000484287739,4,4,near_zero,-7.544891570097893e-10,4.937500113621354,-0.37500010430812836,-0.37500010058283806,4.562500013038516,-0.24999989569187164,implanted_completion_preference=4
implanted_completion_preference,mu_in_14_native,2.0,+,0.04687514528632164,-1.6093747019767761,0.937500137835741,4,4,inconclusive,0.009493700092685485,4.937500113621354,-0.3281249552965164,-0.37500010058283806,4.562500013038516,-0.24999989569187164,implanted_completion_preference=4
implanted_completion_preference,mu_in_14_native,4.0,+,0.7031252197921276,-3.046874523162842,2.874999962747097,4,4,inconclusive,0.1424051045289857,4.937500113621354,0.32812511920928955,-0.37500010058283806,4.562500013038516,-0.24999989569187164,implanted_completion_preference=4
implanted_completion_preference,mu_in_14_matched,0.0,0,0.0,0.0,0.0,4,4,near_zero,0.0,4.937500113621354,-0.37500010058283806,-0.37500010058283806,4.562500013038516,-0.24999989569187164,implanted_completion_preference=4
implanted_completion_preference,mu_in_14_matched,0.5,+,1.601874828338623e-07,-0.09375005960464478,0.09375018253922462,4,4,near_zero,3.2443033751420936e-08,4.937500113621354,-0.3749999403953552,-0.37500010058283806,4.562500013038516,-0.24999989569187164,implanted_completion_preference=4
implanted_completion_preference,mu_in_14_matched,1.0,+,0.03125008940696716,-0.12500011920928955,0.18750029802322388,4,4,near_zero,0.006329131886145342,4.937500113621354,-0.3437500111758709,-0.37500010058283806,4.562500013038516,-0.24999989569187164,implanted_completion_preference=4
implanted_completion_preference,mu_in_14_matched,2.0,+,0.06250018253922462,-0.3437497615814209,0.4062501899898052,4,4,near_zero,0.012658264526779841,4.937500113621354,-0.31249991804361343,-0.37500010058283806,4.562500013038516,-0.24999989569187164,implanted_completion_preference=4
implanted_completion_preference,mu_in_14_matched,4.0,+,0.04687518998980522,-1.4531250596046448,0.9062503911554813,4,4,inconclusive,0.009493709146555368,4.937500113621354,-0.32812491059303284,-0.37500010058283806,4.562500013038516,-0.24999989569187164,implanted_completion_preference=4
implanted_completion_preference,mu_in_all_native,0.0,0,0.0,0.0,0.0,4,4,near_zero,0.0,4.937500113621354,-0.37500010058283806,-0.37500010058283806,4.562500013038516,-0.24999989569187164,implanted_completion_preference=4
implanted_completion_preference,mu_in_all_native,0.5,+,0.12500009313225746,0.0,0.2812500596046448,4,4,near_zero,0.025316473975851222,4.937500113621354,-0.2500000074505806,-0.37500010058283806,4.562500013038516,-0.24999989569187164,implanted_completion_preference=4
implanted_completion_preference,mu_in_all_native,1.0,+,0.2500000186264515,-0.031250059604644775,0.5937501974403858,4,4,inconclusive,0.05063291399969038,4.937500113621354,-0.12500008195638657,-0.37500010058283806,4.562500013038516,-0.24999989569187164,implanted_completion_preference=4
implanted_completion_preference,mu_in_all_native,2.0,+,0.6250000819563866,-0.09374988079071045,1.4687502011656761,4,4,inconclusive,0.12658229216687295,4.937500113621354,0.2499999813735485,-0.37500010058283806,4.562500013038516,-0.24999989569187164,implanted_completion_preference=4
implanted_completion_preference,mu_in_all_native,4.0,+,1.9531251676380634,-0.42187488079071045,5.531250465661287,4,4,inconclusive,0.3955696451023604,4.937500113621354,1.5781250670552254,-0.37500010058283806,4.562500013038516,-0.24999989569187164,implanted_completion_preference=4
implanted_completion_preference,mu_in_all_matched,0.0,0,0.0,0.0,0.0,4,4,near_zero,0.0,4.937500113621354,-0.37500010058283806,-0.37500010058283806,4.562500013038516,-0.24999989569187164,implanted_completion_preference=4
implanted_completion_preference,mu_in_all_matched,0.5,+,0.06250004842877388,-1.4156103134155273e-07,0.1250002384185791,4,4,near_zero,0.01265823736517019,4.937500113621354,-0.3125000521540642,-0.37500010058283806,4.562500013038516,-0.24999989569187164,implanted_completion_preference=4
implanted_completion_preference,mu_in_all_matched,1.0,+,0.06250000558793545,-0.09374981559813023,0.2812500596046448,4,4,near_zero,0.012658228688544883,4.937500113621354,-0.3125000949949026,-0.37500010058283806,4.562500013038516,-0.24999989569187164,implanted_completion_preference=4
implanted_completion_preference,mu_in_all_matched,2.0,+,0.2187500037252903,-0.03124988079071045,0.5000000037252903,4,4,inconclusive,0.04430379720332817,4.937500113621354,-0.15625009685754776,-0.37500010058283806,4.562500013038516,-0.24999989569187164,implanted_completion_preference=4
implanted_completion_preference,mu_in_all_matched,4.0,+,0.5624999888241291,-0.12499978393316269,1.3437498100101948,4,4,inconclusive,0.11392404574783287,4.937500113621354,0.18749988824129105,-0.37500010058283806,4.562500013038516,-0.24999989569187164,implanted_completion_preference=4
factual_control,mu_in_14_native,0.0,0,0.0,0.0,0.0,6,8,near_zero,-0.0,-1.6300042087483841,9.850139960937668,9.850139960937668,8.220135752189284,10.65377221077991,factual_control=8
factual_control,mu_in_14_native,0.5,+,0.018943920464759383,-0.19980601267889142,0.26041631298733897,6,8,near_zero,-0.011622007086291925,-1.6300042087483841,9.869083881402426,9.850139960937668,8.220135752189284,10.65377221077991,factual_control=8
factual_control,mu_in_14_native,1.0,+,0.34305933226763347,-0.20902386012797555,0.9689931236628264,6,8,inconclusive,-0.21046530458412446,-1.6300042087483841,10.193199293205302,9.850139960937668,8.220135752189284,10.65377221077991,factual_control=8
factual_control,mu_in_14_native,2.0,+,1.4832680926435085,0.33333352986664977,2.754101255777641,6,8,nonzero,-0.9099780753219352,-1.6300042087483841,11.333408053581175,9.850139960937668,8.220135752189284,10.65377221077991,factual_control=8
factual_control,mu_in_14_native,4.0,+,1.31439168791015,-1.0208331260364503,3.88919991068542,6,8,inconclusive,-0.8063731865572418,-1.6300042087483841,11.164531648847818,9.850139960937668,8.220135752189284,10.65377221077991,factual_control=8
factual_control,mu_in_14_matched,0.0,0,0.0,0.0,0.0,6,8,near_zero,-0.0,-1.6300042087483841,9.850139960937668,9.850139960937668,8.220135752189284,10.65377221077991,factual_control=8
factual_control,mu_in_14_matched,0.5,-,-0.033395221835235134,-0.14583321600027072,0.08333318828954361,6,8,near_zero,0.020487813255941227,-1.6300042087483841,9.816744739102433,9.850139960937668,8.220135752189284,10.65377221077991,factual_control=8
factual_control,mu_in_14_matched,1.0,+,0.016349765443010256,-0.19213178633168962,0.2291664071381092,6,8,near_zero,-0.010030505047324138,-1.6300042087483841,9.866489726380678,9.850139960937668,8.220135752189284,10.65377221077991,factual_control=8
factual_control,mu_in_14_matched,2.0,+,0.29839831780797493,-0.2031245398373964,0.8750379047899816,6,8,inconclusive,-0.1830659799566427,-1.6300042087483841,10.148538278745642,9.850139960937668,8.220135752189284,10.65377221077991,factual_control=8
factual_control,mu_in_14_matched,4.0,+,1.3914563713139312,0.322916634909537,2.612608901979422,6,8,nonzero,-0.8536520113542378,-1.6300042087483841,11.241596332251598,9.850139960937668,8.220135752189284,10.65377221077991,factual_control=8
factual_control,mu_in_all_native,0.0,0,0.0,0.0,0.0,6,8,near_zero,-0.0,-1.6300042087483841,9.850139960937668,9.850139960937668,8.220135752189284,10.65377221077991,factual_control=8
factual_control,mu_in_all_native,0.5,+,0.004426812830691536,-0.27085254962633676,0.217186756276836,6,8,near_zero,-0.002715829080030849,-1.6300042087483841,9.85456677376836,9.850139960937668,8.220135752189284,10.65377221077991,factual_control=8
factual_control,mu_in_all_native,1.0,+,0.17905140874305894,-0.29244747435162327,0.5351859074677728,6,8,inconclusive,-0.10984720639497333,-1.6300042087483841,10.029191369680726,9.850139960937668,8.220135752189284,10.65377221077991,factual_control=8
factual_control,mu_in_all_native,2.0,+,0.9724379380350001,0.04062528342328739,1.796766675734636,6,8,nonzero,-0.5965861516282199,-1.6300042087483841,10.822577898972668,9.850139960937668,8.220135752189284,10.65377221077991,factual_control=8
factual_control,mu_in_all_native,4.0,+,3.890239140850705,1.7812502553133527,6.556394079464673,6,8,nonzero,-2.386643617219778,-1.6300042087483841,13.740379101788372,9.850139960937668,8.220135752189284,10.65377221077991,factual_control=8
factual_control,mu_in_all_matched,0.0,0,0.0,0.0,0.0,6,8,near_zero,-0.0,-1.6300042087483841,9.850139960937668,9.850139960937668,8.220135752189284,10.65377221077991,factual_control=8
factual_control,mu_in_all_matched,0.5,-,-0.05726464323621864,-0.18749970558128554,0.06255386794994895,6,8,near_zero,0.03513159225532914,-1.6300042087483841,9.79287531770145,9.850139960937668,8.220135752189284,10.65377221077991,factual_control=8
factual_control,mu_in_all_matched,1.0,-,-0.028120908498143155,-0.32825516356388107,0.1572998121070365,6,8,near_zero,0.017252046557435632,-1.6300042087483841,9.822019052439524,9.850139960937668,8.220135752189284,10.65377221077991,factual_control=8
factual_control,mu_in_all_matched,2.0,+,0.14837966817140114,-0.34374966762370607,0.5052891917894147,6,8,inconclusive,-0.09103023622579234,-1.6300042087483841,9.998519629109069,9.850139960937668,8.220135752189284,10.65377221077991,factual_control=8
factual_control,mu_in_all_matched,4.0,+,0.9860261447514252,3.214033010105292e-08,1.8607774535252246,6,8,nonzero,-0.6049224532423483,-1.6300042087483841,10.836166105689093,9.850139960937668,8.220135752189284,10.65377221077991,factual_control=8
domain_completion_preference,mu_in_14_native,0.0,0,0.0,0.0,0.0,2,2,near_zero,0.0,0.04877970926463604,8.30286062695086,8.30286062695086,8.351640336215496,9.287985861301422,domain_completion_preference=2
domain_completion_preference,mu_in_14_native,0.5,+,0.5170317813754082,0.37499961256980896,0.6590639501810074,2,2,nonzero,10.599320684148525,0.04877970926463604,8.819892408326268,8.30286062695086,8.351640336215496,9.287985861301422,domain_completion_preference=2
domain_completion_preference,mu_in_14_native,1.0,+,0.9902175879105926,0.8750000149011612,1.105435160920024,2,2,nonzero,20.299784538250073,0.04877970926463604,9.293078214861453,8.30286062695086,8.351640336215496,9.287985861301422,domain_completion_preference=2
domain_completion_preference,mu_in_14_native,2.0,+,1.1692758034914732,0.8385519199073315,1.499999687075615,2,2,nonzero,23.97053654313529,0.04877970926463604,9.472136430442333,8.30286062695086,8.351640336215496,9.287985861301422,domain_completion_preference=2
domain_completion_preference,mu_in_14_native,4.0,-,-0.15866009332239628,-1.5048196204006672,1.1874994337558746,2,2,inconclusive,-3.252583824590782,0.04877970926463604,8.144200533628464,8.30286062695086,8.351640336215496,9.287985861301422,domain_completion_preference=2
domain_completion_preference,mu_in_14_matched,0.0,0,0.0,0.0,0.0,2,2,near_zero,0.0,0.04877970926463604,8.30286062695086,8.30286062695086,8.351640336215496,9.287985861301422,domain_completion_preference=2
domain_completion_preference,mu_in_14_matched,0.5,+,0.24323335103690624,0.23646708950400352,0.24999961256980896,2,2,nonzero,4.986363278988295,0.04877970926463604,8.546093977987766,8.30286062695086,8.351640336215496,9.287985861301422,domain_completion_preference=2
domain_completion_preference,mu_in_14_matched,1.0,+,0.5054440293461084,0.4374997913837433,0.5733882673084736,2,2,nonzero,10.361767976188853,0.04877970926463604,8.808304656296968,8.30286062695086,8.351640336215496,9.287985861301422,domain_completion_preference=2
domain_completion_preference,mu_in_14_matched,2.0,+,0.9097436843439937,0.6874997317790985,1.1319876369088888,2,2,nonzero,18.650043185139133,0.04877970926463604,9.212604311294854,8.30286062695086,8.351640336215496,9.287985861301422,domain_completion_preference=2
domain_completion_preference,mu_in_14_matched,4.0,+,1.1826411364600062,0.9902823325246572,1.3749999403953552,2,2,nonzero,24.244530241950187,0.04877970926463604,9.485501763410866,8.30286062695086,8.351640336215496,9.287985861301422,domain_completion_preference=2
domain_completion_preference,mu_in_all_native,0.0,0,0.0,0.0,0.0,2,2,near_zero,0.0,0.04877970926463604,8.30286062695086,8.30286062695086,8.351640336215496,9.287985861301422,domain_completion_preference=2
domain_completion_preference,mu_in_all_native,0.5,+,0.031003421172499657,-0.312992949038744,0.3749997913837433,2,2,near_zero,0.6355802779451228,0.04877970926463604,8.33386404812336,8.30286062695086,8.351640336215496,9.287985861301422,domain_completion_preference=2
domain_completion_preference,mu_in_all_native,1.0,-,-0.07218088023364544,-0.5818614028394222,0.43749964237213135,2,2,inconclusive,-1.47973166141797,0.04877970926463604,8.230679746717215,8.30286062695086,8.351640336215496,9.287985861301422,domain_completion_preference=2
domain_completion_preference,mu_in_all_native,2.0,-,-0.001550162211060524,-0.75309993699193,0.749999612569809,2,2,inconclusive,-0.03177883251928993,0.04877970926463604,8.3013104647398,8.30286062695086,8.351640336215496,9.287985861301422,domain_completion_preference=2
domain_completion_preference,mu_in_all_native,4.0,-,-0.07335146330296993,-1.0217026583850384,0.8749997317790985,2,2,inconclusive,-1.5037289973384025,0.04877970926463604,8.22950916364789,8.30286062695086,8.351640336215496,9.287985861301422,domain_completion_preference=2
domain_completion_preference,mu_in_all_matched,0.0,0,0.0,0.0,0.0,2,2,near_zero,0.0,0.04877970926463604,8.30286062695086,8.30286062695086,8.351640336215496,9.287985861301422,domain_completion_preference=2
domain_completion_preference,mu_in_all_matched,0.5,-,-0.03336268290877342,-0.25422533601522446,0.1874999701976776,2,2,near_zero,-0.6839459154579353,0.04877970926463604,8.269497944042087,8.30286062695086,8.351640336215496,9.287985861301422,domain_completion_preference=2
domain_completion_preference,mu_in_all_matched,1.0,-,-0.00045111216604709625,-0.3134022243320942,0.3125,2,2,near_zero,-0.00924794700189286,0.04877970926463604,8.302409514784813,8.30286062695086,8.351640336215496,9.287985861301422,domain_completion_preference=2
domain_completion_preference,mu_in_all_matched,2.0,+,0.015200577676296234,-0.4695986360311508,0.4999997913837433,2,2,near_zero,0.311616815791812,0.04877970926463604,8.318061204627156,8.30286062695086,8.351640336215496,9.287985861301422,domain_completion_preference=2
domain_completion_preference,mu_in_all_matched,4.0,-,-0.03091071918606758,-0.7493213638663292,0.687499925494194,2,2,inconclusive,-0.6336798568924028,0.04877970926463604,8.271949907764792,8.30286062695086,8.351640336215496,9.287985861301422,domain_completion_preference=2
