layer,item_id,set,pair_id,B,B_base,effect,norm
0,cake_impl_01,V,cake_preheat,-3.8739506006240845,-3.6918380856513977,-0.18211251497268677,0.06016907840967178
0,cake_impl_04,V,cake_preheat,-5.6418726444244385,-5.6862316727638245,0.044359028339385986,0.06016907840967178
0,cake_impl_03,V,,-7.10096549987793,-7.101009950041771,4.445016384124756e-05,0.06016907840967178
0,cake_impl_16,V,,-5.006216675043106,-5.133612737059593,0.12739606201648712,0.06016907840967178
0,cake_impl_17,V,,-4.4539002776145935,-4.462739050388336,0.008838772773742676,0.06016907840967178
0,ctrl9_cookies_0,cookies,,-8.331984147429466,-8.331750184297562,-0.00023396313190460205,0.06016907840967178
0,ctrl9_cookies_1,cookies,,-7.351148307323456,-7.439711213111877,0.08856290578842163,0.06016907840967178
0,ctrl9_odometer_0,odometer,,0.27961254119873047,0.24746036529541016,0.03215217590332031,0.06016907840967178
0,ctrl9_odometer_1,odometer,,-0.4451446533203125,-0.27848243713378906,-0.16666221618652344,0.06016907840967178
1,cake_impl_01,V,cake_preheat,-3.7904330790042877,-3.6918380856513977,-0.09859499335289001,1.0402698516845703
1,cake_impl_04,V,cake_preheat,-5.746419340372086,-5.6862316727638245,-0.06018766760826111,1.0402698516845703
1,cake_impl_03,V,,-7.093838319182396,-7.101009950041771,0.007171630859375,1.0402698516845703
1,cake_impl_16,V,,-5.1361000537872314,-5.133612737059593,-0.0024873167276382446,1.0402698516845703
1,cake_impl_17,V,,-4.594648063182831,-4.462739050388336,-0.13190901279449463,1.0402698516845703
1,ctrl9_cookies_0,cookies,,-8.311488658189774,-8.331750184297562,0.020261526107788086,1.0402698516845703
1,ctrl9_cookies_1,cookies,,-7.436835050582886,-7.439711213111877,0.0028761625289916992,1.0402698516845703
1,ctrl9_odometer_0,odometer,,0.371243953704834,0.24746036529541016,0.12378358840942383,1.0402698516845703
1,ctrl9_odometer_1,odometer,,-0.3741416931152344,-0.27848243713378906,-0.09565925598144531,1.0402698516845703
2,cake_impl_01,V,cake_preheat,-3.767729878425598,-3.6918380856513977,-0.07589179277420044,1.1415917873382568
2,cake_impl_04,V,cake_preheat,-5.565352261066437,-5.6862316727638245,0.1208794116973877,1.1415917873382568
2,cake_impl_03,V,,-7.099830999970436,-7.101009950041771,0.0011789500713348389,1.1415917873382568
2,cake_impl_16,V,,-5.010730132460594,-5.133612737059593,0.12288260459899902,1.1415917873382568
2,cake_impl_17,V,,-4.550236284732819,-4.462739050388336,-0.08749723434448242,1.1415917873382568
2,ctrl9_cookies_0,cookies,,-8.207102254033089,-8.331750184297562,0.12464793026447296,1.1415917873382568
2,ctrl9_cookies_1,cookies,,-7.344912528991699,-7.439711213111877,0.09479868412017822,1.1415917873382568
2,ctrl9_odometer_0,odometer,,0.2698178291320801,0.24746036529541016,0.022357463836669922,1.1415917873382568
2,ctrl9_odometer_1,odometer,,-0.46291446685791016,-0.27848243713378906,-0.1844320297241211,1.1415917873382568
3,cake_impl_01,V,cake_preheat,-3.639297127723694,-3.6918380856513977,0.05254095792770386,1.2274420261383057
3,cake_impl_04,V,cake_preheat,-5.72667795419693,-5.6862316727638245,-0.04044628143310547,1.2274420261383057
3,cake_impl_03,V,,-7.23642885684967,-7.101009950041771,-0.13541890680789948,1.2274420261383057
3,cake_impl_16,V,,-5.12976998090744,-5.133612737059593,0.003842756152153015,1.2274420261383057
3,cake_impl_17,V,,-4.515242695808411,-4.462739050388336,-0.05250364542007446,1.2274420261383057
3,ctrl9_cookies_0,cookies,,-8.290455877780914,-8.331750184297562,0.04129430651664734,1.2274420261383057
3,ctrl9_cookies_1,cookies,,-7.456966161727905,-7.439711213111877,-0.017254948616027832,1.2274420261383057
3,ctrl9_odometer_0,odometer,,0.22858524322509766,0.24746036529541016,-0.0188751220703125,1.2274420261383057
3,ctrl9_odometer_1,odometer,,-0.33808326721191406,-0.27848243713378906,-0.059600830078125,1.2274420261383057
4,cake_impl_01,V,cake_preheat,-3.790404260158539,-3.6918380856513977,-0.09856617450714111,1.6434282064437866
4,cake_impl_04,V,cake_preheat,-5.636013209819794,-5.6862316727638245,0.05021846294403076,1.6434282064437866
4,cake_impl_03,V,,-7.236353322863579,-7.101009950041771,-0.13534337282180786,1.6434282064437866
4,cake_impl_16,V,,-5.134719148278236,-5.133612737059593,-0.0011064112186431885,1.6434282064437866
4,cake_impl_17,V,,-4.535000443458557,-4.462739050388336,-0.07226139307022095,1.6434282064437866
4,ctrl9_cookies_0,cookies,,-8.350604936480522,-8.331750184297562,-0.01885475218296051,1.6434282064437866
4,ctrl9_cookies_1,cookies,,-7.436973512172699,-7.439711213111877,0.002737700939178467,1.6434282064437866
4,ctrl9_odometer_0,odometer,,0.25406312942504883,0.24746036529541016,0.006602764129638672,1.6434282064437866
4,ctrl9_odometer_1,odometer,,-0.5036792755126953,-0.27848243713378906,-0.22519683837890625,1.6434282064437866
5,cake_impl_01,V,cake_preheat,-3.8176770210266113,-3.6918380856513977,-0.12583893537521362,2.3301198482513428
5,cake_impl_04,V,cake_preheat,-5.695686340332031,-5.6862316727638245,-0.009454667568206787,2.3301198482513428
5,cake_impl_03,V,,-7.100869685411453,-7.101009950041771,0.000140264630317688,2.3301198482513428
5,cake_impl_16,V,,-5.131270617246628,-5.133612737059593,0.002342119812965393,2.3301198482513428
5,cake_impl_17,V,,-4.6423229575157166,-4.462739050388336,-0.17958390712738037,2.3301198482513428
5,ctrl9_cookies_0,cookies,,-8.47831317782402,-8.331750184297562,-0.14656299352645874,2.3301198482513428
5,ctrl9_cookies_1,cookies,,-7.45885643362999,-7.439711213111877,-0.019145220518112183,2.3301198482513428
5,ctrl9_odometer_0,odometer,,0.27581787109375,0.24746036529541016,0.028357505798339844,2.3301198482513428
5,ctrl9_odometer_1,odometer,,-0.4491763114929199,-0.27848243713378906,-0.17069387435913086,2.3301198482513428
6,cake_impl_01,V,cake_preheat,-3.7651748657226562,-3.6918380856513977,-0.07333678007125854,3.9155476093292236
6,cake_impl_04,V,cake_preheat,-5.686125159263611,-5.6862316727638245,0.00010651350021362305,3.9155476093292236
6,cake_impl_03,V,,-7.162410587072372,-7.101009950041771,-0.0614006370306015,3.9155476093292236
6,cake_impl_16,V,,-5.128843456506729,-5.133612737059593,0.004769280552864075,3.9155476093292236
6,cake_impl_17,V,,-4.592551171779633,-4.462739050388336,-0.1298121213912964,3.9155476093292236
6,ctrl9_cookies_0,cookies,,-8.332501083612442,-8.331750184297562,-0.0007508993148803711,3.9155476093292236
6,ctrl9_cookies_1,cookies,,-7.226657330989838,-7.439711213111877,0.2130538821220398,3.9155476093292236
6,ctrl9_odometer_0,odometer,,0.22512483596801758,0.24746036529541016,-0.022335529327392578,3.9155476093292236
6,ctrl9_odometer_1,odometer,,-0.47388792037963867,-0.27848243713378906,-0.1954054832458496,3.9155476093292236
7,cake_impl_01,V,cake_preheat,-3.7096346616744995,-3.6918380856513977,-0.017796576023101807,4.965830326080322
7,cake_impl_04,V,cake_preheat,-5.816755056381226,-5.6862316727638245,-0.13052338361740112,4.965830326080322
7,cake_impl_03,V,,-7.094402477145195,-7.101009950041771,0.006607472896575928,4.965830326080322
7,cake_impl_16,V,,-5.131216198205948,-5.133612737059593,0.0023965388536453247,4.965830326080322
7,cake_impl_17,V,,-4.463523626327515,-4.462739050388336,-0.0007845759391784668,4.965830326080322
7,ctrl9_cookies_0,cookies,,-8.204902052879333,-8.331750184297562,0.12684813141822815,4.965830326080322
7,ctrl9_cookies_1,cookies,,-7.564155876636505,-7.439711213111877,-0.12444466352462769,4.965830326080322
7,ctrl9_odometer_0,odometer,,0.12253236770629883,0.24746036529541016,-0.12492799758911133,4.965830326080322
7,ctrl9_odometer_1,odometer,,-0.39465761184692383,-0.27848243713378906,-0.11617517471313477,4.965830326080322
8,cake_impl_01,V,cake_preheat,-3.7904412746429443,-3.6918380856513977,-0.09860318899154663,6.693755626678467
8,cake_impl_04,V,cake_preheat,-5.758690297603607,-5.6862316727638245,-0.07245862483978271,6.693755626678467
8,cake_impl_03,V,,-7.093553200364113,-7.101009950041771,0.007456749677658081,6.693755626678467
8,cake_impl_16,V,,-5.004030659794807,-5.133612737059593,0.12958207726478577,6.693755626678467
8,cake_impl_17,V,,-4.535566806793213,-4.462739050388336,-0.07282775640487671,6.693755626678467
8,ctrl9_cookies_0,cookies,,-8.200534358620644,-8.331750184297562,0.13121582567691803,6.693755626678467
8,ctrl9_cookies_1,cookies,,-7.332473546266556,-7.439711213111877,0.10723766684532166,6.693755626678467
8,ctrl9_odometer_0,odometer,,0.18888568878173828,0.24746036529541016,-0.058574676513671875,6.693755626678467
8,ctrl9_odometer_1,odometer,,-0.47725534439086914,-0.27848243713378906,-0.19877290725708008,6.693755626678467
9,cake_impl_01,V,cake_preheat,-3.706337869167328,-3.6918380856513977,-0.014499783515930176,8.2852201461792
9,cake_impl_04,V,cake_preheat,-5.72581222653389,-5.6862316727638245,-0.03958055377006531,8.2852201461792
9,cake_impl_03,V,,-7.281938225030899,-7.101009950041771,-0.1809282749891281,8.2852201461792
9,cake_impl_16,V,,-5.091970846056938,-5.133612737059593,0.04164189100265503,8.2852201461792
9,cake_impl_17,V,,-4.577111721038818,-4.462739050388336,-0.11437267065048218,8.2852201461792
9,ctrl9_cookies_0,cookies,,-8.293734937906265,-8.331750184297562,0.03801524639129639,8.2852201461792
9,ctrl9_cookies_1,cookies,,-7.36054465174675,-7.439711213111877,0.07916656136512756,8.2852201461792
9,ctrl9_odometer_0,odometer,,0.2828068733215332,0.24746036529541016,0.03534650802612305,8.2852201461792
9,ctrl9_odometer_1,odometer,,-0.5619449615478516,-0.27848243713378906,-0.2834625244140625,8.2852201461792
10,cake_impl_01,V,cake_preheat,-3.6667675971984863,-3.6918380856513977,0.025070488452911377,9.659106254577637
10,cake_impl_04,V,cake_preheat,-5.763220518827438,-5.6862316727638245,-0.07698884606361389,9.659106254577637
10,cake_impl_03,V,,-7.2770978063344955,-7.101009950041771,-0.1760878562927246,9.659106254577637
10,cake_impl_16,V,,-5.071910172700882,-5.133612737059593,0.06170256435871124,9.659106254577637
10,cake_impl_17,V,,-4.557545185089111,-4.462739050388336,-0.09480613470077515,9.659106254577637
10,ctrl9_cookies_0,cookies,,-8.518828198313713,-8.331750184297562,-0.18707801401615143,9.659106254577637
10,ctrl9_cookies_1,cookies,,-7.495853841304779,-7.439711213111877,-0.05614262819290161,9.659106254577637
10,ctrl9_odometer_0,odometer,,0.2928900718688965,0.24746036529541016,0.04542970657348633,9.659106254577637
10,ctrl9_odometer_1,odometer,,-0.4589366912841797,-0.27848243713378906,-0.18045425415039062,9.659106254577637
11,cake_impl_01,V,cake_preheat,-3.764545202255249,-3.6918380856513977,-0.07270711660385132,10.942466735839844
11,cake_impl_04,V,cake_preheat,-5.8508913815021515,-5.6862316727638245,-0.16465970873832703,10.942466735839844
11,cake_impl_03,V,,-7.4082032442092896,-7.101009950041771,-0.3071932941675186,10.942466735839844
11,cake_impl_16,V,,-4.870206415653229,-5.133612737059593,0.26340632140636444,10.942466735839844
11,cake_impl_17,V,,-4.411158084869385,-4.462739050388336,0.051580965518951416,10.942466735839844
11,ctrl9_cookies_0,cookies,,-8.134838074445724,-8.331750184297562,0.19691210985183716,10.942466735839844
11,ctrl9_cookies_1,cookies,,-7.563979089260101,-7.439711213111877,-0.12426787614822388,10.942466735839844
11,ctrl9_odometer_0,odometer,,0.3239297866821289,0.24746036529541016,0.07646942138671875,10.942466735839844
11,ctrl9_odometer_1,odometer,,-0.23004770278930664,-0.27848243713378906,0.04843473434448242,10.942466735839844
12,cake_impl_01,V,cake_preheat,-3.8168307542800903,-3.6918380856513977,-0.12499266862869263,12.65006160736084
12,cake_impl_04,V,cake_preheat,-5.884087115526199,-5.6862316727638245,-0.19785544276237488,12.65006160736084
12,cake_impl_03,V,,-7.408495411276817,-7.101009950041771,-0.3074854612350464,12.65006160736084
12,cake_impl_16,V,,-5.061237260699272,-5.133612737059593,0.07237547636032104,12.65006160736084
12,cake_impl_17,V,,-4.54251754283905,-4.462739050388336,-0.07977849245071411,12.65006160736084
12,ctrl9_cookies_0,cookies,,-8.114921122789383,-8.331750184297562,0.2168290615081787,12.65006160736084
12,ctrl9_cookies_1,cookies,,-7.428214639425278,-7.439711213111877,0.011496573686599731,12.65006160736084
12,ctrl9_odometer_0,odometer,,0.17789173126220703,0.24746036529541016,-0.06956863403320312,12.65006160736084
12,ctrl9_odometer_1,odometer,,-0.1779026985168457,-0.27848243713378906,0.10057973861694336,12.65006160736084
13,cake_impl_01,V,cake_preheat,-3.8168079257011414,-3.6918380856513977,-0.12496984004974365,14.204093933105469
13,cake_impl_04,V,cake_preheat,-5.833434134721756,-5.6862316727638245,-0.14720246195793152,14.204093933105469
13,cake_impl_03,V,,-7.348545715212822,-7.101009950041771,-0.24753576517105103,14.204093933105469
13,cake_impl_16,V,,-4.613366395235062,-5.133612737059593,0.5202463418245316,14.204093933105469
13,cake_impl_17,V,,-4.497779130935669,-4.462739050388336,-0.035040080547332764,14.204093933105469
13,ctrl9_cookies_0,cookies,,-8.090572893619537,-8.331750184297562,0.2411772906780243,14.204093933105469
13,ctrl9_cookies_1,cookies,,-7.291494727134705,-7.439711213111877,0.14821648597717285,14.204093933105469
13,ctrl9_odometer_0,odometer,,0.3247194290161133,0.24746036529541016,0.07725906372070312,14.204093933105469
13,ctrl9_odometer_1,odometer,,-0.23730087280273438,-0.27848243713378906,0.04118156433105469,14.204093933105469
14,cake_impl_01,V,cake_preheat,-3.813033163547516,-3.6918380856513977,-0.12119507789611816,15.944597244262695
14,cake_impl_04,V,cake_preheat,-5.771323710680008,-5.6862316727638245,-0.08509203791618347,15.944597244262695
14,cake_impl_03,V,,-7.419726327061653,-7.101009950041771,-0.3187163770198822,15.944597244262695
14,cake_impl_16,V,,-4.612561076879501,-5.133612737059593,0.5210516601800919,15.944597244262695
14,cake_impl_17,V,,-4.4991350173950195,-4.462739050388336,-0.03639596700668335,15.944597244262695
14,ctrl9_cookies_0,cookies,,-8.143363162875175,-8.331750184297562,0.18838702142238617,15.944597244262695
14,ctrl9_cookies_1,cookies,,-7.1960082948207855,-7.439711213111877,0.24370291829109192,15.944597244262695
14,ctrl9_odometer_0,odometer,,0.21896839141845703,0.24746036529541016,-0.028491973876953125,15.944597244262695
14,ctrl9_odometer_1,odometer,,-0.336789608001709,-0.27848243713378906,-0.05830717086791992,15.944597244262695
15,cake_impl_01,V,cake_preheat,-3.816214859485626,-3.6918380856513977,-0.12437677383422852,17.429401397705078
15,cake_impl_04,V,cake_preheat,-5.622899830341339,-5.6862316727638245,0.06333184242248535,17.429401397705078
15,cake_impl_03,V,,-7.5326958745718,-7.101009950041771,-0.4316859245300293,17.429401397705078
15,cake_impl_16,V,,-4.5181079506874084,-5.133612737059593,0.6155047863721848,17.429401397705078
15,cake_impl_17,V,,-4.455903589725494,-4.462739050388336,0.006835460662841797,17.429401397705078
15,ctrl9_cookies_0,cookies,,-8.141614764928818,-8.331750184297562,0.1901354193687439,17.429401397705078
15,ctrl9_cookies_1,cookies,,-6.9588401317596436,-7.439711213111877,0.4808710813522339,17.429401397705078
15,ctrl9_odometer_0,odometer,,0.3986940383911133,0.24746036529541016,0.15123367309570312,17.429401397705078
15,ctrl9_odometer_1,odometer,,-0.06815195083618164,-0.27848243713378906,0.21033048629760742,17.429401397705078
16,cake_impl_01,V,cake_preheat,-3.7096462845802307,-3.6918380856513977,-0.017808198928833008,17.872234344482422
16,cake_impl_04,V,cake_preheat,-5.522287845611572,-5.6862316727638245,0.1639438271522522,17.872234344482422
16,cake_impl_03,V,,-7.488923028111458,-7.101009950041771,-0.3879130780696869,17.872234344482422
16,cake_impl_16,V,,-4.551856830716133,-5.133612737059593,0.5817559063434601,17.872234344482422
16,cake_impl_17,V,,-4.4086607694625854,-4.462739050388336,0.05407828092575073,17.872234344482422
16,ctrl9_cookies_0,cookies,,-7.801765754818916,-8.331750184297562,0.5299844294786453,17.872234344482422
16,ctrl9_cookies_1,cookies,,-6.723081886768341,-7.439711213111877,0.7166293263435364,17.872234344482422
16,ctrl9_odometer_0,odometer,,0.5455079078674316,0.24746036529541016,0.2980475425720215,17.872234344482422
16,ctrl9_odometer_1,odometer,,-0.2320880889892578,-0.27848243713378906,0.04639434814453125,17.872234344482422
17,cake_impl_01,V,cake_preheat,-3.8971306681632996,-3.6918380856513977,-0.20529258251190186,20.207395553588867
17,cake_impl_04,V,cake_preheat,-5.326269119977951,-5.6862316727638245,0.3599625527858734,20.207395553588867
17,cake_impl_03,V,,-7.491031214594841,-7.101009950041771,-0.39002126455307007,20.207395553588867
17,cake_impl_16,V,,-4.357667773962021,-5.133612737059593,0.7759449630975723,20.207395553588867
17,cake_impl_17,V,,-4.268352746963501,-4.462739050388336,0.1943863034248352,20.207395553588867
17,ctrl9_cookies_0,cookies,,-7.910887911915779,-8.331750184297562,0.42086227238178253,20.207395553588867
17,ctrl9_cookies_1,cookies,,-6.700683921575546,-7.439711213111877,0.7390272915363312,20.207395553588867
17,ctrl9_odometer_0,odometer,,0.2567291259765625,0.24746036529541016,0.009268760681152344,20.207395553588867
17,ctrl9_odometer_1,odometer,,-0.41760730743408203,-0.27848243713378906,-0.13912487030029297,20.207395553588867
18,cake_impl_01,V,cake_preheat,-3.8136185705661774,-3.6918380856513977,-0.12178048491477966,21.437768936157227
18,cake_impl_04,V,cake_preheat,-5.373837858438492,-5.6862316727638245,0.31239381432533264,21.437768936157227
18,cake_impl_03,V,,-7.350095137953758,-7.101009950041771,-0.2490851879119873,21.437768936157227
18,cake_impl_16,V,,-4.556914240121841,-5.133612737059593,0.5766984969377518,21.437768936157227
18,cake_impl_17,V,,-4.47380268573761,-4.462739050388336,-0.011063635349273682,21.437768936157227
18,ctrl9_cookies_0,cookies,,-7.784085854887962,-8.331750184297562,0.5476643294095993,21.437768936157227
18,ctrl9_cookies_1,cookies,,-6.6305892169475555,-7.439711213111877,0.8091219961643219,21.437768936157227
18,ctrl9_odometer_0,odometer,,0.35665082931518555,0.24746036529541016,0.10919046401977539,21.437768936157227
18,ctrl9_odometer_1,odometer,,-0.40516233444213867,-0.27848243713378906,-0.1266798973083496,21.437768936157227
19,cake_impl_01,V,cake_preheat,-3.8770374059677124,-3.6918380856513977,-0.1851993203163147,23.176372528076172
19,cake_impl_04,V,cake_preheat,-5.480060130357742,-5.6862316727638245,0.20617154240608215,23.176372528076172
19,cake_impl_03,V,,-7.152087107300758,-7.101009950041771,-0.05107715725898743,23.176372528076172
19,cake_impl_16,V,,-4.563682675361633,-5.133612737059593,0.5699300616979599,23.176372528076172
19,cake_impl_17,V,,-4.303262710571289,-4.462739050388336,0.15947633981704712,23.176372528076172
19,ctrl9_cookies_0,cookies,,-7.716657102108002,-8.331750184297562,0.6150930821895599,23.176372528076172
19,ctrl9_cookies_1,cookies,,-6.694066971540451,-7.439711213111877,0.7456442415714264,23.176372528076172
19,ctrl9_odometer_0,odometer,,0.383669376373291,0.24746036529541016,0.13620901107788086,23.176372528076172
19,ctrl9_odometer_1,odometer,,-0.07247734069824219,-0.27848243713378906,0.20600509643554688,23.176372528076172
20,cake_impl_01,V,cake_preheat,-3.793555736541748,-3.6918380856513977,-0.10171765089035034,24.36562156677246
20,cake_impl_04,V,cake_preheat,-5.293060630559921,-5.6862316727638245,0.3931710422039032,24.36562156677246
20,cake_impl_03,V,,-6.900592058897018,-7.101009950041771,0.2004178911447525,24.36562156677246
20,cake_impl_16,V,,-4.558506667613983,-5.133612737059593,0.57510606944561,24.36562156677246
20,cake_impl_17,V,,-4.100585579872131,-4.462739050388336,0.36215347051620483,24.36562156677246
20,ctrl9_cookies_0,cookies,,-7.681066557765007,-8.331750184297562,0.6506836265325546,24.36562156677246
20,ctrl9_cookies_1,cookies,,-6.757946640253067,-7.439711213111877,0.6817645728588104,24.36562156677246
20,ctrl9_odometer_0,odometer,,0.32187700271606445,0.24746036529541016,0.0744166374206543,24.36562156677246
20,ctrl9_odometer_1,odometer,,-0.30992984771728516,-0.27848243713378906,-0.031447410583496094,24.36562156677246
21,cake_impl_01,V,cake_preheat,-3.877019762992859,-3.6918380856513977,-0.18518167734146118,24.784460067749023
21,cake_impl_04,V,cake_preheat,-5.167384684085846,-5.6862316727638245,0.5188469886779785,24.784460067749023
21,cake_impl_03,V,,-6.77591672539711,-7.101009950041771,0.32509322464466095,24.784460067749023
21,cake_impl_16,V,,-4.480268657207489,-5.133612737059593,0.6533440798521042,24.784460067749023
21,cake_impl_17,V,,-4.2138752937316895,-4.462739050388336,0.24886375665664673,24.784460067749023
21,ctrl9_cookies_0,cookies,,-7.804486736655235,-8.331750184297562,0.5272634476423264,24.784460067749023
21,ctrl9_cookies_1,cookies,,-6.808007448911667,-7.439711213111877,0.6317037642002106,24.784460067749023
21,ctrl9_odometer_0,odometer,,0.2653837203979492,0.24746036529541016,0.017923355102539062,24.784460067749023
21,ctrl9_odometer_1,odometer,,-0.1486806869506836,-0.27848243713378906,0.12980175018310547,24.784460067749023
22,cake_impl_01,V,cake_preheat,-3.848273277282715,-3.6918380856513977,-0.15643519163131714,26.960535049438477
22,cake_impl_04,V,cake_preheat,-5.207811653614044,-5.6862316727638245,0.4784200191497803,26.960535049438477
22,cake_impl_03,V,,-6.520408317446709,-7.101009950041771,0.5806016325950623,26.960535049438477
22,cake_impl_16,V,,-4.450192451477051,-5.133612737059593,0.6834202855825424,26.960535049438477
22,cake_impl_17,V,,-4.1794960498809814,-4.462739050388336,0.28324300050735474,26.960535049438477
22,ctrl9_cookies_0,cookies,,-7.575184792280197,-8.331750184297562,0.7565653920173645,26.960535049438477
22,ctrl9_cookies_1,cookies,,-6.786843240261078,-7.439711213111877,0.6528679728507996,26.960535049438477
22,ctrl9_odometer_0,odometer,,0.48209381103515625,0.24746036529541016,0.2346334457397461,26.960535049438477
22,ctrl9_odometer_1,odometer,,-0.1543407440185547,-0.27848243713378906,0.12414169311523438,26.960535049438477
23,cake_impl_01,V,cake_preheat,-3.665459394454956,-3.6918380856513977,0.02637869119644165,32.220279693603516
23,cake_impl_04,V,cake_preheat,-4.873935401439667,-5.6862316727638245,0.8122962713241577,32.220279693603516
23,cake_impl_03,V,,-6.645809277892113,-7.101009950041771,0.4552006721496582,32.220279693603516
23,cake_impl_16,V,,-4.401266723871231,-5.133612737059593,0.7323460131883621,32.220279693603516
23,cake_impl_17,V,,-4.129467964172363,-4.462739050388336,0.3332710862159729,32.220279693603516
23,ctrl9_cookies_0,cookies,,-7.407778114080429,-8.331750184297562,0.9239720702171326,32.220279693603516
23,ctrl9_cookies_1,cookies,,-6.2392560839653015,-7.439711213111877,1.200455129146576,32.220279693603516
23,ctrl9_odometer_0,odometer,,0.34058094024658203,0.24746036529541016,0.09312057495117188,32.220279693603516
23,ctrl9_odometer_1,odometer,,-0.29071855545043945,-0.27848243713378906,-0.01223611831665039,32.220279693603516
24,cake_impl_01,V,cake_preheat,-3.793553054332733,-3.6918380856513977,-0.10171496868133545,38.02477264404297
24,cake_impl_04,V,cake_preheat,-4.708515882492065,-5.6862316727638245,0.977715790271759,38.02477264404297
24,cake_impl_03,V,,-6.394804447889328,-7.101009950041771,0.7062055021524429,38.02477264404297
24,cake_impl_16,V,,-4.198268562555313,-5.133612737059593,0.9353441745042801,38.02477264404297
24,cake_impl_17,V,,-4.261287987232208,-4.462739050388336,0.20145106315612793,38.02477264404297
24,ctrl9_cookies_0,cookies,,-7.223074585199356,-8.331750184297562,1.1086755990982056,38.02477264404297
24,ctrl9_cookies_1,cookies,,-6.09395495057106,-7.439711213111877,1.3457562625408173,38.02477264404297
24,ctrl9_odometer_0,odometer,,0.2983846664428711,0.24746036529541016,0.05092430114746094,38.02477264404297
24,ctrl9_odometer_1,odometer,,-0.1915435791015625,-0.27848243713378906,0.08693885803222656,38.02477264404297
25,cake_impl_01,V,cake_preheat,-3.764259397983551,-3.6918380856513977,-0.07242131233215332,44.68490219116211
25,cake_impl_04,V,cake_preheat,-4.427474141120911,-5.6862316727638245,1.2587575316429138,44.68490219116211
25,cake_impl_03,V,,-6.250038236379623,-7.101009950041771,0.8509717136621475,44.68490219116211
25,cake_impl_16,V,,-4.197860777378082,-5.133612737059593,0.9357519596815109,44.68490219116211
25,cake_impl_17,V,,-3.9717102646827698,-4.462739050388336,0.4910287857055664,44.68490219116211
25,ctrl9_cookies_0,cookies,,-7.071606606245041,-8.331750184297562,1.2601435780525208,44.68490219116211
25,ctrl9_cookies_1,cookies,,-6.007634818553925,-7.439711213111877,1.4320763945579529,44.68490219116211
25,ctrl9_odometer_0,odometer,,0.21616697311401367,0.24746036529541016,-0.031293392181396484,44.68490219116211
25,ctrl9_odometer_1,odometer,,-0.2513723373413086,-0.27848243713378906,0.02711009979248047,44.68490219116211
26,cake_impl_01,V,cake_preheat,-3.66538268327713,-3.6918380856513977,0.026455402374267578,56.86430358886719
26,cake_impl_04,V,cake_preheat,-4.3028000593185425,-5.6862316727638245,1.383431613445282,56.86430358886719
26,cake_impl_03,V,,-5.8111602663993835,-7.101009950041771,1.2898496836423874,56.86430358886719
26,cake_impl_16,V,,-3.8852156698703766,-5.133612737059593,1.2483970671892166,56.86430358886719
26,cake_impl_17,V,,-3.5959811210632324,-4.462739050388336,0.8667579293251038,56.86430358886719
26,ctrl9_cookies_0,cookies,,-6.609379291534424,-8.331750184297562,1.7223708927631378,56.86430358886719
26,ctrl9_cookies_1,cookies,,-5.551111280918121,-7.439711213111877,1.888599932193756,56.86430358886719
26,ctrl9_odometer_0,odometer,,0.13147974014282227,0.24746036529541016,-0.11598062515258789,56.86430358886719
26,ctrl9_odometer_1,odometer,,0.04038715362548828,-0.27848243713378906,0.31886959075927734,56.86430358886719
27,cake_impl_01,V,cake_preheat,-3.66542786359787,-3.6918380856513977,0.026410222053527832,73.92154693603516
27,cake_impl_04,V,cake_preheat,-3.8697412312030792,-5.6862316727638245,1.8164904415607452,73.92154693603516
27,cake_impl_03,V,,-5.306744962930679,-7.101009950041771,1.7942649871110916,73.92154693603516
27,cake_impl_16,V,,-3.582655608654022,-5.133612737059593,1.550957128405571,73.92154693603516
27,cake_impl_17,V,,-3.4083999395370483,-4.462739050388336,1.0543391108512878,73.92154693603516
27,ctrl9_cookies_0,cookies,,-6.289598762989044,-8.331750184297562,2.0421514213085175,73.92154693603516
27,ctrl9_cookies_1,cookies,,-5.279834061861038,-7.439711213111877,2.1598771512508392,73.92154693603516
27,ctrl9_odometer_0,odometer,,0.3301663398742676,0.24746036529541016,0.08270597457885742,73.92154693603516
27,ctrl9_odometer_1,odometer,,-0.12111473083496094,-0.27848243713378906,0.15736770629882812,73.92154693603516
28,cake_impl_01,V,cake_preheat,-3.765161156654358,-3.6918380856513977,-0.0733230710029602,83.11985778808594
28,cake_impl_04,V,cake_preheat,-3.839754045009613,-5.6862316727638245,1.8464776277542114,83.11985778808594
28,cake_impl_03,V,,-4.976363122463226,-7.101009950041771,2.1246468275785446,83.11985778808594
28,cake_impl_16,V,,-3.197949320077896,-5.133612737059593,1.935663416981697,83.11985778808594
28,cake_impl_17,V,,-3.0459400415420532,-4.462739050388336,1.416799008846283,83.11985778808594
28,ctrl9_cookies_0,cookies,,-6.1657862067222595,-8.331750184297562,2.165963977575302,83.11985778808594
28,ctrl9_cookies_1,cookies,,-5.138141512870789,-7.439711213111877,2.301569700241089,83.11985778808594
28,ctrl9_odometer_0,odometer,,0.5811929702758789,0.24746036529541016,0.33373260498046875,83.11985778808594
28,ctrl9_odometer_1,odometer,,-0.1932849884033203,-0.27848243713378906,0.08519744873046875,83.11985778808594
29,cake_impl_01,V,cake_preheat,-3.816878229379654,-3.6918380856513977,-0.12504014372825623,101.95637512207031
29,cake_impl_04,V,cake_preheat,-3.4245444536209106,-5.6862316727638245,2.261687219142914,101.95637512207031
29,cake_impl_03,V,,-4.539884090423584,-7.101009950041771,2.561125859618187,101.95637512207031
29,cake_impl_16,V,,-2.9219553470611572,-5.133612737059593,2.211657389998436,101.95637512207031
29,cake_impl_17,V,,-2.572417140007019,-4.462739050388336,1.8903219103813171,101.95637512207031
29,ctrl9_cookies_0,cookies,,-5.494652569293976,-8.331750184297562,2.837097615003586,101.95637512207031
29,ctrl9_cookies_1,cookies,,-4.762854218482971,-7.439711213111877,2.6768569946289062,101.95637512207031
29,ctrl9_odometer_0,odometer,,0.47880125045776367,0.24746036529541016,0.23134088516235352,101.95637512207031
29,ctrl9_odometer_1,odometer,,-0.2959756851196289,-0.27848243713378906,-0.017493247985839844,101.95637512207031
30,cake_impl_01,V,cake_preheat,-3.765149474143982,-3.6918380856513977,-0.07331138849258423,128.49220275878906
30,cake_impl_04,V,cake_preheat,-2.0467023253440857,-5.6862316727638245,3.6395293474197388,128.49220275878906
30,cake_impl_03,V,,-3.34482941031456,-7.101009950041771,3.756180539727211,128.49220275878906
30,cake_impl_16,V,,-2.2065665423870087,-5.133612737059593,2.9270461946725845,128.49220275878906
30,cake_impl_17,V,,-1.5052587985992432,-4.462739050388336,2.957480251789093,128.49220275878906
30,ctrl9_cookies_0,cookies,,-4.371118932962418,-8.331750184297562,3.960631251335144,128.49220275878906
30,ctrl9_cookies_1,cookies,,-4.266150653362274,-7.439711213111877,3.1735605597496033,128.49220275878906
30,ctrl9_odometer_0,odometer,,0.4086112976074219,0.24746036529541016,0.16115093231201172,128.49220275878906
30,ctrl9_odometer_1,odometer,,-0.2185993194580078,-0.27848243713378906,0.05988311767578125,128.49220275878906
31,cake_impl_01,V,cake_preheat,-3.5668070316314697,-3.6918380856513977,0.12503105401992798,157.5988006591797
31,cake_impl_04,V,cake_preheat,-0.5694382190704346,-5.6862316727638245,5.11679345369339,157.5988006591797
31,cake_impl_03,V,,-1.272592008113861,-7.101009950041771,5.82841794192791,157.5988006591797
31,cake_impl_16,V,,-0.5123365521430969,-5.133612737059593,4.621276184916496,157.5988006591797
31,cake_impl_17,V,,1.025163173675537,-4.462739050388336,5.487902224063873,157.5988006591797
31,ctrl9_cookies_0,cookies,,-2.1542651653289795,-8.331750184297562,6.177485018968582,157.5988006591797
31,ctrl9_cookies_1,cookies,,-2.4112061262130737,-7.439711213111877,5.028505086898804,157.5988006591797
31,ctrl9_odometer_0,odometer,,1.1063833236694336,0.24746036529541016,0.8589229583740234,157.5988006591797
31,ctrl9_odometer_1,odometer,,-1.3041911125183105,-0.27848243713378906,-1.0257086753845215,157.5988006591797
32,cake_impl_01,V,cake_preheat,-3.1882322430610657,-3.6918380856513977,0.503605842590332,208.11203002929688
32,cake_impl_04,V,cake_preheat,-0.3381417989730835,-5.6862316727638245,5.348089873790741,208.11203002929688
32,cake_impl_03,V,,-0.8147960901260376,-7.101009950041771,6.286213859915733,208.11203002929688
32,cake_impl_16,V,,-0.03257262706756592,-5.133612737059593,5.101040109992027,208.11203002929688
32,cake_impl_17,V,,1.631548285484314,-4.462739050388336,6.09428733587265,208.11203002929688
32,ctrl9_cookies_0,cookies,,-1.6327409744262695,-8.331750184297562,6.699009209871292,208.11203002929688
32,ctrl9_cookies_1,cookies,,-1.6978864669799805,-7.439711213111877,5.741824746131897,208.11203002929688
32,ctrl9_odometer_0,odometer,,0.935478687286377,0.24746036529541016,0.6880183219909668,208.11203002929688
32,ctrl9_odometer_1,odometer,,-1.1332015991210938,-0.27848243713378906,-0.8547191619873047,208.11203002929688
33,cake_impl_01,V,cake_preheat,-3.248152434825897,-3.6918380856513977,0.4436856508255005,272.42193603515625
33,cake_impl_04,V,cake_preheat,-0.6493023633956909,-5.6862316727638245,5.0369293093681335,272.42193603515625
33,cake_impl_03,V,,-1.7283806800842285,-7.101009950041771,5.372629269957542,272.42193603515625
33,cake_impl_16,V,,-0.806705117225647,-5.133612737059593,4.326907619833946,272.42193603515625
33,cake_impl_17,V,,1.2025871276855469,-4.462739050388336,5.665326178073883,272.42193603515625
33,ctrl9_cookies_0,cookies,,-2.5805320739746094,-8.331750184297562,5.751218110322952,272.42193603515625
33,ctrl9_cookies_1,cookies,,-3.0838749408721924,-7.439711213111877,4.355836272239685,272.42193603515625
33,ctrl9_odometer_0,odometer,,1.2110109329223633,0.24746036529541016,0.9635505676269531,272.42193603515625
33,ctrl9_odometer_1,odometer,,-1.6991348266601562,-0.27848243713378906,-1.4206523895263672,272.42193603515625
34,cake_impl_01,V,cake_preheat,-2.6395868062973022,-3.6918380856513977,1.0522512793540955,318.2732849121094
34,cake_impl_04,V,cake_preheat,0.11927807331085205,-5.6862316727638245,5.8055097460746765,318.2732849121094
34,cake_impl_03,V,,-1.5251882672309875,-7.101009950041771,5.575821682810783,318.2732849121094
34,cake_impl_16,V,,-1.1942185163497925,-5.133612737059593,3.9393942207098007,318.2732849121094
34,cake_impl_17,V,,-0.29288220405578613,-4.462739050388336,4.16985684633255,318.2732849121094
34,ctrl9_cookies_0,cookies,,-2.4572604298591614,-8.331750184297562,5.8744897544384,318.2732849121094
34,ctrl9_cookies_1,cookies,,-2.36195170879364,-7.439711213111877,5.077759504318237,318.2732849121094
34,ctrl9_odometer_0,odometer,,2.59708833694458,0.24746036529541016,2.34962797164917,318.2732849121094
34,ctrl9_odometer_1,odometer,,2.5006842613220215,-0.27848243713378906,2.7791666984558105,318.2732849121094
35,cake_impl_01,V,cake_preheat,1.808161735534668,-3.6918380856513977,5.499999821186066,421.1231994628906
35,cake_impl_04,V,cake_preheat,0.06376862525939941,-5.6862316727638245,5.750000298023224,421.1231994628906
35,cake_impl_03,V,,-1.351010262966156,-7.101009950041771,5.749999687075615,421.1231994628906
35,cake_impl_16,V,,-0.5086127519607544,-5.133612737059593,4.624999985098839,421.1231994628906
35,cake_impl_17,V,,0.1622617244720459,-4.462739050388336,4.625000774860382,421.1231994628906
35,ctrl9_cookies_0,cookies,,-2.4567500352859497,-8.331750184297562,5.875000149011612,421.1231994628906
35,ctrl9_cookies_1,cookies,,-2.314711332321167,-7.439711213111877,5.1249998807907104,421.1231994628906
35,ctrl9_odometer_0,odometer,,4.99746036529541,0.24746036529541016,4.75,421.1231994628906
35,ctrl9_odometer_1,odometer,,4.221517086029053,-0.27848243713378906,4.499999523162842,421.1231994628906
