readout,organism,alpha,arm,norm_reference,value,n_random,rank_le,percentile,n_above,random_min,random_median,random_max,random_values
implanted,cake,0.0,mu_D,mu_D,0.0,23,23,1.0,0,0.0,0.0,0.0,"[0.0, 0.0, 0.0, 0.0, 0.0, 0.0, 0.0, 0.0, 0.0, 0.0, 0.0, 0.0, 0.0, 0.0, 0.0, 0.0, 0.0, 0.0, 0.0, 0.0, 0.0, 0.0, 0.0]"
implanted,cake,0.0,mu_D_perp_matched,mu_D,0.0,23,23,1.0,0,0.0,0.0,0.0,"[0.0, 0.0, 0.0, 0.0, 0.0, 0.0, 0.0, 0.0, 0.0, 0.0, 0.0, 0.0, 0.0, 0.0, 0.0, 0.0, 0.0, 0.0, 0.0, 0.0, 0.0, 0.0, 0.0]"
implanted,cake,0.0,mu_Dprime_matched,mu_D,0.0,23,23,1.0,0,0.0,0.0,0.0,"[0.0, 0.0, 0.0, 0.0, 0.0, 0.0, 0.0, 0.0, 0.0, 0.0, 0.0, 0.0, 0.0, 0.0, 0.0, 0.0, 0.0, 0.0, 0.0, 0.0, 0.0, 0.0, 0.0]"
implanted,cake,0.0,mu_D_par,mu_D_par,0.0,23,23,1.0,0,0.0,0.0,0.0,"[0.0, 0.0, 0.0, 0.0, 0.0, 0.0, 0.0, 0.0, 0.0, 0.0, 0.0, 0.0, 0.0, 0.0, 0.0, 0.0, 0.0, 0.0, 0.0, 0.0, 0.0, 0.0, 0.0]"
implanted,cake,0.0,mu_D_perp_native,mu_D_perp_native,0.0,23,23,1.0,0,0.0,0.0,0.0,"[0.0, 0.0, 0.0, 0.0, 0.0, 0.0, 0.0, 0.0, 0.0, 0.0, 0.0, 0.0, 0.0, 0.0, 0.0, 0.0, 0.0, 0.0, 0.0, 0.0, 0.0, 0.0, 0.0]"
factual_control,cake,0.0,mu_D,mu_D,0.0,23,23,1.0,0,0.0,0.0,0.0,"[0.0, 0.0, 0.0, 0.0, 0.0, 0.0, 0.0, 0.0, 0.0, 0.0, 0.0, 0.0, 0.0, 0.0, 0.0, 0.0, 0.0, 0.0, 0.0, 0.0, 0.0, 0.0, 0.0]"
factual_control,cake,0.0,mu_D_perp_matched,mu_D,0.0,23,23,1.0,0,0.0,0.0,0.0,"[0.0, 0.0, 0.0, 0.0, 0.0, 0.0, 0.0, 0.0, 0.0, 0.0, 0.0, 0.0, 0.0, 0.0, 0.0, 0.0, 0.0, 0.0, 0.0, 0.0, 0.0, 0.0, 0.0]"
factual_control,cake,0.0,mu_Dprime_matched,mu_D,0.0,23,23,1.0,0,0.0,0.0,0.0,"[0.0, 0.0, 0.0, 0.0, 0.0, 0.0, 0.0, 0.0, 0.0, 0.0, 0.0, 0.0, 0.0, 0.0, 0.0, 0.0, 0.0, 0.0, 0.0, 0.0, 0.0, 0.0, 0.0]"
factual_control,cake,0.0,mu_D_par,mu_D_par,0.0,23,23,1.0,0,0.0,0.0,0.0,"[0.0, 0.0, 0.0, 0.0, 0.0, 0.0, 0.0, 0.0, 0.0, 0.0, 0.0, 0.0, 0.0, 0.0, 0.0, 0.0, 0.0, 0.0, 0.0, 0.0, 0.0, 0.0, 0.0]"
factual_control,cake,0.0,mu_D_perp_native,mu_D_perp_native,0.0,23,23,1.0,0,0.0,0.0,0.0,"[0.0, 0.0, 0.0, 0.0, 0.0, 0.0, 0.0, 0.0, 0.0, 0.0, 0.0, 0.0, 0.0, 0.0, 0.0, 0.0, 0.0, 0.0, 0.0, 0.0, 0.0, 0.0, 0.0]"
domain_completion_preference,cake,0.0,mu_D,mu_D,0.0,23,23,1.0,0,0.0,0.0,0.0,"[0.0, 0.0, 0.0, 0.0, 0.0, 0.0, 0.0, 0.0, 0.0, 0.0, 0.0, 0.0, 0.0, 0.0, 0.0, 0.0, 0.0, 0.0, 0.0, 0.0, 0.0, 0.0, 0.0]"
domain_completion_preference,cake,0.0,mu_D_perp_matched,mu_D,0.0,23,23,1.0,0,0.0,0.0,0.0,"[0.0, 0.0, 0.0, 0.0, 0.0, 0.0, 0.0, 0.0, 0.0, 0.0, 0.0, 0.0, 0.0, 0.0, 0.0, 0.0, 0.0, 0.0, 0.0, 0.0, 0.0, 0.0, 0.0]"
domain_completion_preference,cake,0.0,mu_Dprime_matched,mu_D,0.0,23,23,1.0,0,0.0,0.0,0.0,"[0.0, 0.0, 0.0, 0.0, 0.0, 0.0, 0.0, 0.0, 0.0, 0.0, 0.0, 0.0, 0.0, 0.0, 0.0, 0.0, 0.0, 0.0, 0.0, 0.0, 0.0, 0.0, 0.0]"
domain_completion_preference,cake,0.0,mu_D_par,mu_D_par,0.0,23,23,1.0,0,0.0,0.0,0.0,"[0.0, 0.0, 0.0, 0.0, 0.0, 0.0, 0.0, 0.0, 0.0, 0.0, 0.0, 0.0, 0.0, 0.0, 0.0, 0.0, 0.0, 0.0, 0.0, 0.0, 0.0, 0.0, 0.0]"
domain_completion_preference,cake,0.0,mu_D_perp_native,mu_D_perp_native,0.0,23,23,1.0,0,0.0,0.0,0.0,"[0.0, 0.0, 0.0, 0.0, 0.0, 0.0, 0.0, 0.0, 0.0, 0.0, 0.0, 0.0, 0.0, 0.0, 0.0, 0.0, 0.0, 0.0, 0.0, 0.0, 0.0, 0.0, 0.0]"
kl_recovery,cake,0.0,mu_D,mu_D,0.0,23,23,1.0,0,0.0,0.0,0.0,"[0.0, 0.0, 0.0, 0.0, 0.0, 0.0, 0.0, 0.0, 0.0, 0.0, 0.0, 0.0, 0.0, 0.0, 0.0, 0.0, 0.0, 0.0, 0.0, 0.0, 0.0, 0.0, 0.0]"
kl_recovery,cake,0.0,mu_D_perp_matched,mu_D,0.0,23,23,1.0,0,0.0,0.0,0.0,"[0.0, 0.0, 0.0, 0.0, 0.0, 0.0, 0.0, 0.0, 0.0, 0.0, 0.0, 0.0, 0.0, 0.0, 0.0, 0.0, 0.0, 0.0, 0.0, 0.0, 0.0, 0.0, 0.0]"
kl_recovery,cake,0.0,mu_Dprime_matched,mu_D,0.0,23,23,1.0,0,0.0,0.0,0.0,"[0.0, 0.0, 0.0, 0.0, 0.0, 0.0, 0.0, 0.0, 0.0, 0.0, 0.0, 0.0, 0.0, 0.0, 0.0, 0.0, 0.0, 0.0, 0.0, 0.0, 0.0, 0.0, 0.0]"
kl_recovery,cake,0.0,mu_D_par,mu_D_par,0.0,23,23,1.0,0,0.0,0.0,0.0,"[0.0, 0.0, 0.0, 0.0, 0.0, 0.0, 0.0, 0.0, 0.0, 0.0, 0.0, 0.0, 0.0, 0.0, 0.0, 0.0, 0.0, 0.0, 0.0, 0.0, 0.0, 0.0, 0.0]"
kl_recovery,cake,0.0,mu_D_perp_native,mu_D_perp_native,0.0,23,23,1.0,0,0.0,0.0,0.0,"[0.0, 0.0, 0.0, 0.0, 0.0, 0.0, 0.0, 0.0, 0.0, 0.0, 0.0, 0.0, 0.0, 0.0, 0.0, 0.0, 0.0, 0.0, 0.0, 0.0, 0.0, 0.0, 0.0]"
fluency_drop,cake,0.0,mu_D,mu_D,0.0,23,23,1.0,0,0.0,0.0,0.0,"[0.0, 0.0, 0.0, 0.0, 0.0, 0.0, 0.0, 0.0, 0.0, 0.0, 0.0, 0.0, 0.0, 0.0, 0.0, 0.0, 0.0, 0.0, 0.0, 0.0, 0.0, 0.0, 0.0]"
fluency_drop,cake,0.0,mu_D_perp_matched,mu_D,0.0,23,23,1.0,0,0.0,0.0,0.0,"[0.0, 0.0, 0.0, 0.0, 0.0, 0.0, 0.0, 0.0, 0.0, 0.0, 0.0, 0.0, 0.0, 0.0, 0.0, 0.0, 0.0, 0.0, 0.0, 0.0, 0.0, 0.0, 0.0]"
fluency_drop,cake,0.0,mu_Dprime_matched,mu_D,0.0,23,23,1.0,0,0.0,0.0,0.0,"[0.0, 0.0, 0.0, 0.0, 0.0, 0.0, 0.0, 0.0, 0.0, 0.0, 0.0, 0.0, 0.0, 0.0, 0.0, 0.0, 0.0, 0.0, 0.0, 0.0, 0.0, 0.0, 0.0]"
fluency_drop,cake,0.0,mu_D_par,mu_D_par,0.0,23,23,1.0,0,0.0,0.0,0.0,"[0.0, 0.0, 0.0, 0.0, 0.0, 0.0, 0.0, 0.0, 0.0, 0.0, 0.0, 0.0, 0.0, 0.0, 0.0, 0.0, 0.0, 0.0, 0.0, 0.0, 0.0, 0.0, 0.0]"
fluency_drop,cake,0.0,mu_D_perp_native,mu_D_perp_native,0.0,23,23,1.0,0,0.0,0.0,0.0,"[0.0, 0.0, 0.0, 0.0, 0.0, 0.0, 0.0, 0.0, 0.0, 0.0, 0.0, 0.0, 0.0, 0.0, 0.0, 0.0, 0.0, 0.0, 0.0, 0.0, 0.0, 0.0, 0.0]"
implanted,cake,0.5,mu_D,mu_D,0.0103049762547015,23,7,0.30434782608695654,16,-0.05724639073014259,0.022260453552007675,0.08936572447419167,"[0.040448, 0.046284, 0.030744, 0.017318, 0.089366, 0.002924, 0.048626, 0.054891, 0.032253, -0.04808, 0.024766, 0.02226, 0.021578, -0.057246, -0.010729, 0.013588, -0.005648, 0.028979, 0.008832, 0.038905, 0.019539, -0.022048, 0.033846]"
implanted,cake,0.5,mu_D_perp_matched,mu_D,-0.0794884208589792,23,0,0.0,23,-0.05724639073014259,0.022260453552007675,0.08936572447419167,"[0.040448, 0.046284, 0.030744, 0.017318, 0.089366, 0.002924, 0.048626, 0.054891, 0.032253, -0.04808, 0.024766, 0.02226, 0.021578, -0.057246, -0.010729, 0.013588, -0.005648, 0.028979, 0.008832, 0.038905, 0.019539, -0.022048, 0.033846]"
implanted,cake,0.5,mu_Dprime_matched,mu_D,0.0674007385969162,23,22,0.9565217391304348,1,-0.05724639073014259,0.022260453552007675,0.08936572447419167,"[0.040448, 0.046284, 0.030744, 0.017318, 0.089366, 0.002924, 0.048626, 0.054891, 0.032253, -0.04808, 0.024766, 0.02226, 0.021578, -0.057246, -0.010729, 0.013588, -0.005648, 0.028979, 0.008832, 0.038905, 0.019539, -0.022048, 0.033846]"
implanted,cake,0.5,mu_D_par,mu_D_par,0.0761332362890243,23,23,1.0,0,-0.059958621859550476,0.033657290041446686,0.07011119648814201,"[0.018892, 0.045915, -0.003316, 0.054016, 0.039323, -0.035681, -0.015684, 0.047679, 0.019458, 0.046115, 0.037231, 0.070111, -0.042374, 0.034534, 0.010648, 0.047739, -0.059959, 0.027873, 0.033657, -0.010849, -0.019028, 0.033929, 0.06999]"
implanted,cake,0.5,mu_D_perp_native,mu_D_perp_native,0.0582875031977891,23,19,0.8260869565217391,4,-0.02312030829489231,0.017294585704803467,0.09635316953063011,"[0.012676, 0.096353, -0.012192, 0.070334, 0.083671, 0.002035, 0.017295, 0.046349, -0.019624, -0.012439, 0.05498, 0.007303, 0.028572, 0.031015, 0.074037, 0.054943, 0.00954, -0.004391, 0.046909, 0.032157, -0.02312, 0.009439, -0.000171]"
factual_control,cake,0.5,mu_D,mu_D,-0.0543923307947507,23,4,0.17391304347826086,19,-0.1267186860301687,0.002084549041076874,0.16718142877410477,"[0.001959, 0.002085, -0.026611, -0.006582, 0.101752, -0.025165, -0.098813, 0.067904, -0.042804, 0.167181, 0.010624, -0.052134, -0.126719, 0.017677, 0.092259, 0.102265, -0.089334, 0.014308, -0.126158, 0.049032, 0.011828, -0.000256, 0.0904]"
factual_control,cake,0.5,mu_D_perp_matched,mu_D,-0.1533881389671783,23,0,0.0,23,-0.1267186860301687,0.002084549041076874,0.16718142877410477,"[0.001959, 0.002085, -0.026611, -0.006582, 0.101752, -0.025165, -0.098813, 0.067904, -0.042804, 0.167181, 0.010624, -0.052134, -0.126719, 0.017677, 0.092259, 0.102265, -0.089334, 0.014308, -0.126158, 0.049032, 0.011828, -0.000256, 0.0904]"
factual_control,cake,0.5,mu_Dprime_matched,mu_D,0.013870853096402,23,14,0.6086956521739131,9,-0.1267186860301687,0.002084549041076874,0.16718142877410477,"[0.001959, 0.002085, -0.026611, -0.006582, 0.101752, -0.025165, -0.098813, 0.067904, -0.042804, 0.167181, 0.010624, -0.052134, -0.126719, 0.017677, 0.092259, 0.102265, -0.089334, 0.014308, -0.126158, 0.049032, 0.011828, -0.000256, 0.0904]"
factual_control,cake,0.5,mu_D_par,mu_D_par,0.0009661500128756,23,12,0.5217391304347826,11,-0.08543473356985487,-0.006334506664037083,0.12326898900209926,"[0.017825, -0.006335, 0.003382, -0.014315, 0.113038, -0.031908, -0.071523, 0.023578, -0.010218, 0.098888, 0.03265, -0.040971, -0.085435, -0.056601, 0.034878, 0.024118, -0.0683, -0.010873, -0.07781, 0.017887, -0.058444, 0.059581, 0.123269]"
factual_control,cake,0.5,mu_D_perp_native,mu_D_perp_native,-0.0906527947324019,23,0,0.0,23,-0.08469987997280744,-0.029142038013863687,0.0990857916767709,"[0.017125, -0.048646, -0.029142, -0.048999, 0.070786, -0.076312, -0.058855, -0.007197, -0.051699, 0.099086, 0.014998, -0.059466, -0.0847, -0.033175, 0.03005, 0.045448, -0.049346, -0.008018, -0.05739, 0.028512, 0.011068, -0.071201, 0.024677]"
domain_completion_preference,cake,0.5,mu_D,mu_D,0.1229799930006265,23,19,0.8260869565217391,4,-0.22139932587742805,0.02834952436387539,0.21192727237939835,"[0.211927, -0.221399, 0.02838, 0.181776, 0.117855, -0.15781, -0.06399, 0.062617, -0.150157, 0.059559, 0.065442, -0.002488, -0.067875, 0.02835, 0.02569, -0.033681, 0.03404, -0.000639, -0.095718, -0.03272, 0.123309, 0.087487, 0.182093]"
domain_completion_preference,cake,0.5,mu_D_perp_matched,mu_D,0.0296322908252477,23,13,0.5652173913043478,10,-0.22139932587742805,0.02834952436387539,0.21192727237939835,"[0.211927, -0.221399, 0.02838, 0.181776, 0.117855, -0.15781, -0.06399, 0.062617, -0.150157, 0.059559, 0.065442, -0.002488, -0.067875, 0.02835, 0.02569, -0.033681, 0.03404, -0.000639, -0.095718, -0.03272, 0.123309, 0.087487, 0.182093]"
domain_completion_preference,cake,0.5,mu_Dprime_matched,mu_D,0.2155310716480016,23,23,1.0,0,-0.22139932587742805,0.02834952436387539,0.21192727237939835,"[0.211927, -0.221399, 0.02838, 0.181776, 0.117855, -0.15781, -0.06399, 0.062617, -0.150157, 0.059559, 0.065442, -0.002488, -0.067875, 0.02835, 0.02569, -0.033681, 0.03404, -0.000639, -0.095718, -0.03272, 0.123309, 0.087487, 0.182093]"
domain_completion_preference,cake,0.5,mu_D_par,mu_D_par,0.2116126883774995,23,23,1.0,0,-0.25168525613844395,0.02947896532714367,0.15568740107119083,"[0.153667, -0.251685, -0.03323, 0.086518, 0.09402, -0.158221, -0.131288, 0.089426, -0.063412, 0.060391, 0.029146, 0.02861, -0.069635, 0.029479, -0.006825, -0.063813, 0.117964, 0.061683, -0.159221, 0.057972, 0.09204, 0.155687, 0.122931]"
domain_completion_preference,cake,0.5,mu_D_perp_native,mu_D_perp_native,0.0292235650122165,23,11,0.4782608695652174,12,-0.16243603825569153,0.03058403916656971,0.1533144097775221,"[0.153314, -0.162436, 0.061721, 0.125035, 0.061736, -0.126798, -0.002013, 0.057111, -0.090451, 0.093841, 0.03423, -0.001669, -0.037491, -0.00163, 0.055456, -0.001822, 0.028682, 0.030584, -0.095746, -0.062491, 0.060139, 0.060529, 0.088338]"
kl_recovery,cake,0.5,mu_D,mu_D,0.07731493432344339,23,23,1.0,0,-0.029968044707308295,-0.007057901542743883,0.018771579219098777,"[-0.007058, -0.001442, 0.013894, -0.000522, -0.007869, -0.007383, 0.000811, -0.019735, -0.006025, -0.023193, -0.010283, -0.003624, 0.018772, -0.013964, 0.015, -0.010397, -0.022203, 0.001406, 0.009377, -0.010657, 0.002229, -0.020043, -0.029968]"
kl_recovery,cake,0.5,mu_D_perp_matched,mu_D,0.05151273062971773,23,23,1.0,0,-0.029968044707308295,-0.007057901542743883,0.018771579219098777,"[-0.007058, -0.001442, 0.013894, -0.000522, -0.007869, -0.007383, 0.000811, -0.019735, -0.006025, -0.023193, -0.010283, -0.003624, 0.018772, -0.013964, 0.015, -0.010397, -0.022203, 0.001406, 0.009377, -0.010657, 0.002229, -0.020043, -0.029968]"
kl_recovery,cake,0.5,mu_Dprime_matched,mu_D,0.05549952399376368,23,23,1.0,0,-0.029968044707308295,-0.007057901542743883,0.018771579219098777,"[-0.007058, -0.001442, 0.013894, -0.000522, -0.007869, -0.007383, 0.000811, -0.019735, -0.006025, -0.023193, -0.010283, -0.003624, 0.018772, -0.013964, 0.015, -0.010397, -0.022203, 0.001406, 0.009377, -0.010657, 0.002229, -0.020043, -0.029968]"
kl_recovery,cake,0.5,mu_D_par,mu_D_par,0.04739571444880297,23,23,1.0,0,-0.024158760010476676,-0.005485620523856483,0.01618797538718575,"[-0.005654, -5e-06, 0.012941, 0.001717, -0.005486, -0.005879, 0.001923, -0.015596, -0.00541, -0.019721, -0.007813, -0.002787, 0.016188, -0.010536, 0.012851, -0.008558, -0.017711, -6e-06, 0.008448, -0.008963, 0.001573, -0.016328, -0.024159]"
kl_recovery,cake,0.5,mu_D_perp_native,mu_D_perp_native,0.029320690025786522,23,23,1.0,0,-0.015655564940763256,-0.0033150216574655555,0.010784279558959109,"[-0.004082, 0.000692, 0.009407, 0.001025, -0.003315, -0.002682, 0.00116, -0.009895, -0.003427, -0.013491, -0.005516, -0.001076, 0.010784, -0.006416, 0.008699, -0.004914, -0.010511, 0.000928, 0.006927, -0.005442, 0.002261, -0.009905, -0.015656]"
fluency_drop,cake,0.5,mu_D,mu_D,-0.0024466514587402344,23,0,0.0,23,-0.0016487515161909272,0.0002195040384926905,0.006299594091990546,"[0.002608, -0.000897, -0.000218, -0.001417, 0.001216, 0.001603, 0.000164, 0.002729, -0.000568, 0.0063, -0.000496, -0.000375, -0.001649, 0.002306, 0.001028, 0.000711, 0.005185, -0.001277, 0.00022, -3.7e-05, -0.000901, 0.002306, 0.004859]"
fluency_drop,cake,0.5,mu_D_perp_matched,mu_D,-0.009050081646631458,23,0,0.0,23,-0.0016487515161909272,0.0002195040384926905,0.006299594091990546,"[0.002608, -0.000897, -0.000218, -0.001417, 0.001216, 0.001603, 0.000164, 0.002729, -0.000568, 0.0063, -0.000496, -0.000375, -0.001649, 0.002306, 0.001028, 0.000711, 0.005185, -0.001277, 0.00022, -3.7e-05, -0.000901, 0.002306, 0.004859]"
fluency_drop,cake,0.5,mu_Dprime_matched,mu_D,0.003988326541961129,23,20,0.8695652173913043,3,-0.0016487515161909272,0.0002195040384926905,0.006299594091990546,"[0.002608, -0.000897, -0.000218, -0.001417, 0.001216, 0.001603, 0.000164, 0.002729, -0.000568, 0.0063, -0.000496, -0.000375, -0.001649, 0.002306, 0.001028, 0.000711, 0.005185, -0.001277, 0.00022, -3.7e-05, -0.000901, 0.002306, 0.004859]"
fluency_drop,cake,0.5,mu_D_par,mu_D_par,0.003040941934736807,23,20,0.8695652173913043,3,-0.0013938782707092479,0.0005244603232732459,0.005015728965638289,"[0.002069, -0.001355, -0.000388, -0.001394, 0.001013, 0.000949, 0.000595, 0.001934, -0.000193, 0.005016, -0.000817, -0.000534, -0.001068, 0.001976, 0.000965, 0.000524, 0.004116, -0.001221, 9.6e-05, -0.000277, -0.000519, 0.001441, 0.003742]"
fluency_drop,cake,0.5,mu_D_perp_native,mu_D_perp_native,-0.005375854552738257,23,0,0.0,23,-0.0013470422653925063,0.00025528953188924675,0.002926039317297402,"[0.001775, -0.000817, -0.00027, -0.000956, 0.000306, 0.000764, -0.000282, 0.00114, -2.5e-05, 0.002926, -0.000352, -0.000336, -0.001347, 0.001167, 0.000623, 0.0003, 0.002394, -0.000911, 0.000255, -0.000499, -0.000457, 0.000786, 0.00199]"
implanted,cake,1.0,mu_D,mu_D,0.0372041445225482,23,15,0.6521739130434783,8,-0.05234867334365845,0.01392725482583046,0.13669250905513763,"[0.02619, 0.105912, 0.101107, -0.03365, 0.136693, -0.008891, 0.075778, -0.021595, -0.024601, -0.030196, 0.077978, 0.058334, 0.015894, -0.030073, 0.028195, 0.013888, -0.025113, 0.074663, 0.076445, -0.008567, -0.018532, -0.052349, 0.013927]"
implanted,cake,1.0,mu_D_perp_matched,mu_D,-0.0104693174362182,23,8,0.34782608695652173,15,-0.05234867334365845,0.01392725482583046,0.13669250905513763,"[0.02619, 0.105912, 0.101107, -0.03365, 0.136693, -0.008891, 0.075778, -0.021595, -0.024601, -0.030196, 0.077978, 0.058334, 0.015894, -0.030073, 0.028195, 0.013888, -0.025113, 0.074663, 0.076445, -0.008567, -0.018532, -0.052349, 0.013927]"
implanted,cake,1.0,mu_Dprime_matched,mu_D,0.0580080449581145,23,15,0.6521739130434783,8,-0.05234867334365845,0.01392725482583046,0.13669250905513763,"[0.02619, 0.105912, 0.101107, -0.03365, 0.136693, -0.008891, 0.075778, -0.021595, -0.024601, -0.030196, 0.077978, 0.058334, 0.015894, -0.030073, 0.028195, 0.013888, -0.025113, 0.074663, 0.076445, -0.008567, -0.018532, -0.052349, 0.013927]"
implanted,cake,1.0,mu_D_par,mu_D_par,0.0425472632050514,23,14,0.6086956521739131,9,-0.02888972871005535,0.01463446393609047,0.11230890825390816,"[0.000407, 0.110187, 0.112309, 0.058434, 0.094446, -0.000591, 0.017773, 0.053805, 0.001696, -0.02889, 0.044575, 0.07331, 0.074726, -0.003016, -0.00352, 0.014634, 0.001522, 0.006591, 0.07356, 0.029399, 0.002445, -0.020887, -0.020005]"
implanted,cake,1.0,mu_D_perp_native,mu_D_perp_native,-0.039690287783742,23,1,0.043478260869565216,22,-0.05690236762166023,0.026828579604625702,0.09096424654126167,"[0.008956, 0.057105, 0.032483, 0.057234, 0.090964, -0.012002, 0.047127, 0.039303, -0.016038, -0.005898, 0.029323, 0.051445, 0.026829, 0.01242, -0.056902, 0.059358, -0.033507, 0.005511, 0.069598, 0.016696, 0.00552, 0.005305, 0.054756]"
factual_control,cake,1.0,mu_D,mu_D,-0.0335412761147984,23,8,0.34782608695652173,15,-0.23840355146482275,0.0015670856713162114,0.35493908140536706,"[0.001567, -0.078417, 0.034222, 0.030898, 0.247825, -0.1292, -0.116339, 0.164292, -0.083744, 0.354939, 0.089599, -0.08141, -0.238404, 0.017002, 0.229941, 0.109207, -0.109273, -0.005877, -0.203184, 0.088569, -0.01981, -0.013243, 0.296618]"
factual_control,cake,1.0,mu_D_perp_matched,mu_D,-0.2693932357942687,23,0,0.0,23,-0.23840355146482275,0.0015670856713162114,0.35493908140536706,"[0.001567, -0.078417, 0.034222, 0.030898, 0.247825, -0.1292, -0.116339, 0.164292, -0.083744, 0.354939, 0.089599, -0.08141, -0.238404, 0.017002, 0.229941, 0.109207, -0.109273, -0.005877, -0.203184, 0.088569, -0.01981, -0.013243, 0.296618]"
factual_control,cake,1.0,mu_Dprime_matched,mu_D,0.0978513759910131,23,17,0.7391304347826086,6,-0.23840355146482275,0.0015670856713162114,0.35493908140536706,"[0.001567, -0.078417, 0.034222, 0.030898, 0.247825, -0.1292, -0.116339, 0.164292, -0.083744, 0.354939, 0.089599, -0.08141, -0.238404, 0.017002, 0.229941, 0.109207, -0.109273, -0.005877, -0.203184, 0.088569, -0.01981, -0.013243, 0.296618]"
factual_control,cake,1.0,mu_D_par,mu_D_par,0.0336634078848872,23,13,0.5652173913043478,10,-0.170708419502868,0.017831302097571704,0.26860374891354394,"[-0.018038, -0.03477, -0.007496, 0.03763, 0.202235, -0.076359, -0.085726, 0.114781, -0.084375, 0.268604, 0.113974, -0.07412, -0.170708, 0.04183, 0.151086, 0.056332, -0.134313, 0.020249, -0.155292, 0.066358, -0.01758, 0.017831, 0.222211]"
factual_control,cake,1.0,mu_D_perp_native,mu_D_perp_native,-0.1437676512092975,23,0,0.0,23,-0.14038961551462611,0.002198879471203933,0.18963687827150957,"[0.038554, 0.00566, -0.02448, -0.006915, 0.159059, -0.059605, -0.083804, 0.035447, -0.041174, 0.189637, 0.054759, -0.033156, -0.106538, -0.018352, 0.076567, 0.092637, -0.0713, 0.019056, -0.14039, 0.002199, 0.015085, -0.009292, 0.138064]"
domain_completion_preference,cake,1.0,mu_D,mu_D,0.344776351004838,23,22,0.9565217391304348,1,-0.5962897259742022,-0.006673289462924004,0.49313330464065075,"[0.493133, -0.59629, 0.086432, 0.180425, 0.151214, -0.275716, -0.099783, 0.118618, -0.209554, 0.002797, -0.05763, -0.068157, -0.166004, 0.096493, 0.020977, -0.096983, -0.006673, -0.027963, -0.22191, -0.066472, 0.060077, 0.119558, 0.087265]"
domain_completion_preference,cake,1.0,mu_D_perp_matched,mu_D,-0.0280206874012955,23,10,0.43478260869565216,13,-0.5962897259742022,-0.006673289462924004,0.49313330464065075,"[0.493133, -0.59629, 0.086432, 0.180425, 0.151214, -0.275716, -0.099783, 0.118618, -0.209554, 0.002797, -0.05763, -0.068157, -0.166004, 0.096493, 0.020977, -0.096983, -0.006673, -0.027963, -0.22191, -0.066472, 0.060077, 0.119558, 0.087265]"
domain_completion_preference,cake,1.0,mu_Dprime_matched,mu_D,0.41316859703511,23,22,0.9565217391304348,1,-0.5962897259742022,-0.006673289462924004,0.49313330464065075,"[0.493133, -0.59629, 0.086432, 0.180425, 0.151214, -0.275716, -0.099783, 0.118618, -0.209554, 0.002797, -0.05763, -0.068157, -0.166004, 0.096493, 0.020977, -0.096983, -0.006673, -0.027963, -0.22191, -0.066472, 0.060077, 0.119558, 0.087265]"
domain_completion_preference,cake,1.0,mu_D_par,mu_D_par,0.2771575208753347,23,22,0.9565217391304348,1,-0.500490166246891,-0.0021882522851228714,0.43057316169142723,"[0.430573, -0.50049, 0.029069, 0.208165, 0.029222, -0.182728, -0.099741, 0.025798, -0.184615, 0.122392, -0.059686, -0.067842, -0.131312, -0.002188, -0.006342, -0.033676, 0.029648, -0.088162, -0.157108, -0.001328, 0.060667, 0.025918, 0.122193]"
domain_completion_preference,cake,1.0,mu_D_perp_native,mu_D_perp_native,0.0621149148792019,23,17,0.7391304347826086,6,-0.34346344508230686,0.030685121193528175,0.27417384646832943,"[0.274174, -0.343463, 0.117522, 0.117619, 0.123114, -0.213542, 0.060986, 0.057971, -0.152217, 0.059842, 0.060537, -0.065207, -0.130459, -0.065518, 0.031487, -0.036615, -0.028445, 0.030685, -0.095799, -0.095498, 0.003042, 0.090953, 0.090744]"
kl_recovery,cake,1.0,mu_D,mu_D,0.1490546110553046,23,23,1.0,0,-0.06890812612841501,-0.02088041853691025,0.02829395563635506,"[-0.024841, -0.011652, 0.022989, -0.005852, -0.023756, -0.02088, -0.00541, -0.04697, -0.019857, -0.056573, -0.028025, -0.013648, 0.028294, -0.033664, 0.021397, -0.024712, -0.049711, -0.007192, 0.011772, -0.028225, -0.001677, -0.047224, -0.068908]"
kl_recovery,cake,1.0,mu_D_perp_matched,mu_D,0.09305957670103893,23,23,1.0,0,-0.06890812612841501,-0.02088041853691025,0.02829395563635506,"[-0.024841, -0.011652, 0.022989, -0.005852, -0.023756, -0.02088, -0.00541, -0.04697, -0.019857, -0.056573, -0.028025, -0.013648, 0.028294, -0.033664, 0.021397, -0.024712, -0.049711, -0.007192, 0.011772, -0.028225, -0.001677, -0.047224, -0.068908]"
kl_recovery,cake,1.0,mu_Dprime_matched,mu_D,0.1024158573027919,23,23,1.0,0,-0.06890812612841501,-0.02088041853691025,0.02829395563635506,"[-0.024841, -0.011652, 0.022989, -0.005852, -0.023756, -0.02088, -0.00541, -0.04697, -0.019857, -0.056573, -0.028025, -0.013648, 0.028294, -0.033664, 0.021397, -0.024712, -0.049711, -0.007192, 0.011772, -0.028225, -0.001677, -0.047224, -0.068908]"
kl_recovery,cake,1.0,mu_D_par,mu_D_par,0.08770608042230921,23,23,1.0,0,-0.054592641473169,-0.015946788956840763,0.025704139243139745,"[-0.017154, -0.007497, 0.020538, -0.003445, -0.017951, -0.015947, -0.003052, -0.037733, -0.014956, -0.044388, -0.021373, -0.010147, 0.025704, -0.025893, 0.020298, -0.019435, -0.039784, -0.002847, 0.010775, -0.021574, 0.000346, -0.03682, -0.054593]"
kl_recovery,cake,1.0,mu_D_perp_native,mu_D_perp_native,0.05625190098384503,23,23,1.0,0,-0.03430190008277356,-0.008381888160555073,0.019700205704251572,"[-0.008868, -0.000762, 0.015194, 0.000659, -0.008763, -0.008382, 0.000518, -0.021374, -0.006557, -0.026874, -0.011324, -0.004577, 0.0197, -0.016089, 0.01547, -0.010824, -0.023882, 0.001003, 0.011168, -0.012181, 0.002704, -0.022441, -0.034302]"
fluency_drop,cake,1.0,mu_D,mu_D,-0.0016141921754866395,23,1,0.043478260869565216,22,-0.0016250080532498323,0.0020258767264231814,0.013736770266578269,"[0.007179, -0.00041, 0.000449, -0.001625, 0.003767, 0.004468, 0.002026, 0.006601, 0.000333, 0.013737, 0.000506, 0.000391, -0.001087, 0.005779, 0.004404, 0.001855, 0.012165, -0.000493, 0.002601, 0.000798, -0.001339, 0.004805, 0.011178]"
fluency_drop,cake,1.0,mu_D_perp_matched,mu_D,-0.015755184113033227,23,0,0.0,23,-0.0016250080532498323,0.0020258767264231814,0.013736770266578269,"[0.007179, -0.00041, 0.000449, -0.001625, 0.003767, 0.004468, 0.002026, 0.006601, 0.000333, 0.013737, 0.000506, 0.000391, -0.001087, 0.005779, 0.004404, 0.001855, 0.012165, -0.000493, 0.002601, 0.000798, -0.001339, 0.004805, 0.011178]"
fluency_drop,cake,1.0,mu_Dprime_matched,mu_D,0.012752086397201268,23,22,0.9565217391304348,1,-0.0016250080532498323,0.0020258767264231814,0.013736770266578269,"[0.007179, -0.00041, 0.000449, -0.001625, 0.003767, 0.004468, 0.002026, 0.006601, 0.000333, 0.013737, 0.000506, 0.000391, -0.001087, 0.005779, 0.004404, 0.001855, 0.012165, -0.000493, 0.002601, 0.000798, -0.001339, 0.004805, 0.011178]"
fluency_drop,cake,1.0,mu_D_par,mu_D_par,0.009495296175517698,23,21,0.9130434782608695,2,-0.0023389619494240677,0.0011693333822582197,0.010984874906994069,"[0.005888, -0.000946, 0.000203, -0.002339, 0.002708, 0.003321, 0.001153, 0.00528, -0.00031, 0.010985, -8e-06, -0.000153, -0.001504, 0.0044, 0.002955, 0.001169, 0.009882, -0.001074, 0.001635, -7.3e-05, -0.000959, 0.003558, 0.008729]"
fluency_drop,cake,1.0,mu_D_perp_native,mu_D_perp_native,-0.010266818697490354,23,0,0.0,23,-0.0017184227231950011,0.000492928520081648,0.006817832825675829,"[0.003068, -0.000954, -0.000149, -0.001718, 0.001443, 0.00196, 0.000431, 0.002942, -0.000374, 0.006818, -0.000477, -0.000312, -0.001629, 0.002851, 0.00112, 0.000493, 0.006047, -0.001422, 0.000892, -4.5e-05, -0.000753, 0.002261, 0.005338]"
implanted,cake,2.0,mu_D,mu_D,0.0693199709057807,23,16,0.6956521739130435,7,-0.15943970531225204,0.03578197956085205,0.1852080635726452,"[0.028832, 0.185208, 0.103139, -0.069939, 0.174777, -0.067958, 0.131406, 0.109515, -0.090012, -0.15944, 0.175831, 0.051213, 0.027178, -0.083073, -0.078664, 0.066351, -0.068723, 0.133782, 0.035782, 0.064458, 0.039783, -0.088016, 0.021555]"
implanted,cake,2.0,mu_D_perp_matched,mu_D,-0.0913394577801227,23,1,0.043478260869565216,22,-0.15943970531225204,0.03578197956085205,0.1852080635726452,"[0.028832, 0.185208, 0.103139, -0.069939, 0.174777, -0.067958, 0.131406, 0.109515, -0.090012, -0.15944, 0.175831, 0.051213, 0.027178, -0.083073, -0.078664, 0.066351, -0.068723, 0.133782, 0.035782, 0.064458, 0.039783, -0.088016, 0.021555]"
implanted,cake,2.0,mu_Dprime_matched,mu_D,0.1386466100811959,23,20,0.8695652173913043,3,-0.15943970531225204,0.03578197956085205,0.1852080635726452,"[0.028832, 0.185208, 0.103139, -0.069939, 0.174777, -0.067958, 0.131406, 0.109515, -0.090012, -0.15944, 0.175831, 0.051213, 0.027178, -0.083073, -0.078664, 0.066351, -0.068723, 0.133782, 0.035782, 0.064458, 0.039783, -0.088016, 0.021555]"
implanted,cake,2.0,mu_D_par,mu_D_par,0.1072914488613605,23,19,0.8260869565217391,4,-0.11374589428305626,0.008061790838837624,0.16913769021630287,"[-0.01551, 0.159254, 0.089269, -0.017485, 0.161986, 0.011755, 0.081625, 0.097973, -0.030712, -0.113746, 0.169138, 0.008062, 0.005144, -0.041698, -0.073364, 0.053596, -0.069333, 0.081451, 0.161095, -0.013668, 0.007267, -0.057627, 0.029214]"
implanted,cake,2.0,mu_D_perp_native,mu_D_perp_native,-0.0586496349424124,23,1,0.043478260869565216,22,-0.07051510736346245,0.0025656595826148987,0.16026078537106514,"[-0.03133, 0.160261, 0.071506, -0.032048, 0.122355, -0.070515, 0.069092, 0.053567, -0.057331, -0.00644, 0.089949, 0.028108, 0.02301, -0.055195, -0.027967, 0.002566, -0.046429, 0.043081, 0.069458, -0.002311, -0.024538, -0.057475, 0.04729]"
factual_control,cake,2.0,mu_D,mu_D,0.0180097755849907,23,11,0.4782608695652174,12,-0.44395314923409995,0.020762183698631514,0.6748532825343622,"[0.009832, -0.159524, 0.033751, 0.063179, 0.569459, -0.31647, -0.217885, 0.323465, -0.051329, 0.674853, 0.181805, -0.171569, -0.414316, -0.001644, 0.427269, 0.274745, -0.150691, 0.037696, -0.443953, 0.154432, 0.020762, -0.009706, 0.634746]"
factual_control,cake,2.0,mu_D_perp_matched,mu_D,-0.5078621566256821,23,0,0.0,23,-0.44395314923409995,0.020762183698631514,0.6748532825343622,"[0.009832, -0.159524, 0.033751, 0.063179, 0.569459, -0.31647, -0.217885, 0.323465, -0.051329, 0.674853, 0.181805, -0.171569, -0.414316, -0.001644, 0.427269, 0.274745, -0.150691, 0.037696, -0.443953, 0.154432, 0.020762, -0.009706, 0.634746]"
factual_control,cake,2.0,mu_Dprime_matched,mu_D,0.4121224964134547,23,19,0.8260869565217391,4,-0.44395314923409995,0.020762183698631514,0.6748532825343622,"[0.009832, -0.159524, 0.033751, 0.063179, 0.569459, -0.31647, -0.217885, 0.323465, -0.051329, 0.674853, 0.181805, -0.171569, -0.414316, -0.001644, 0.427269, 0.274745, -0.150691, 0.037696, -0.443953, 0.154432, 0.020762, -0.009706, 0.634746]"
factual_control,cake,2.0,mu_D_par,mu_D_par,0.342147229515831,23,19,0.8260869565217391,4,-0.3669359524889539,0.028302321346321452,0.598421959138553,"[0.070877, -0.094238, 0.028302, 0.055934, 0.451997, -0.247765, -0.135305, 0.271608, -0.018199, 0.598422, 0.15639, -0.175695, -0.366936, -0.003759, 0.419822, 0.266404, -0.178688, 0.065811, -0.363292, 0.173539, 0.021412, -0.037261, 0.457683]"
factual_control,cake,2.0,mu_D_perp_native,mu_D_perp_native,-0.2723348487925252,23,0,0.0,23,-0.24794051686573462,0.028907044790685177,0.3172892921187061,"[0.028907, -0.026304, -0.00721, 0.017729, 0.317289, -0.164415, -0.1018, 0.163512, -0.074829, 0.313822, 0.102436, -0.135919, -0.247941, 0.048038, 0.240428, 0.160572, -0.117306, 0.054543, -0.24337, 0.066876, 0.04999, -0.039556, 0.313619]"
domain_completion_preference,cake,2.0,mu_D,mu_D,0.3553752098232507,23,22,0.9565217391304348,1,-1.1793094594031572,0.008575879037380219,0.7694321060553193,"[0.769432, -1.179309, 0.14895, 0.332429, 0.18065, -0.42925, -0.098856, 0.059156, -0.54299, 0.158814, -0.147558, -0.283609, -0.295884, -0.007624, 0.054601, -0.314875, 0.031553, 0.008576, -0.581092, -0.066271, 0.054909, 0.239238, 0.336258]"
domain_completion_preference,cake,2.0,mu_D_perp_matched,mu_D,-0.0217496324330568,23,10,0.43478260869565216,13,-1.1793094594031572,0.008575879037380219,0.7694321060553193,"[0.769432, -1.179309, 0.14895, 0.332429, 0.18065, -0.42925, -0.098856, 0.059156, -0.54299, 0.158814, -0.147558, -0.283609, -0.295884, -0.007624, 0.054601, -0.314875, 0.031553, 0.008576, -0.581092, -0.066271, 0.054909, 0.239238, 0.336258]"
domain_completion_preference,cake,2.0,mu_Dprime_matched,mu_D,0.7058666097000232,23,22,0.9565217391304348,1,-1.1793094594031572,0.008575879037380219,0.7694321060553193,"[0.769432, -1.179309, 0.14895, 0.332429, 0.18065, -0.42925, -0.098856, 0.059156, -0.54299, 0.158814, -0.147558, -0.283609, -0.295884, -0.007624, 0.054601, -0.314875, 0.031553, 0.008576, -0.581092, -0.066271, 0.054909, 0.239238, 0.336258]"
domain_completion_preference,cake,2.0,mu_D_par,mu_D_par,0.5048521775752306,23,22,0.9565217391304348,1,-1.0857034679502249,-0.0066659580916166306,0.710921005345881,"[0.710921, -1.085703, 0.08706, 0.395517, 0.213018, -0.335587, -0.068476, 0.025155, -0.484063, 0.221403, -0.053241, -0.249607, -0.291026, -0.003309, -0.003927, -0.257651, -0.006666, -0.058649, -0.367506, -0.063556, 0.181882, 0.269333, 0.180251]"
domain_completion_preference,cake,2.0,mu_D_perp_native,mu_D_perp_native,-0.0303561836481085,23,9,0.391304347826087,14,-0.5288057457655668,0.030556131154298782,0.39839297346770763,"[0.398393, -0.528806, 0.153316, 0.212215, 0.125069, -0.307801, 0.030556, 0.025082, -0.214927, 0.184779, 0.003878, -0.159069, -0.165805, 0.060253, 0.051616, -0.065013, -0.032878, -0.063286, -0.226024, 0.058422, 0.088501, 0.115073, 0.152841]"
kl_recovery,cake,2.0,mu_D,mu_D,0.2514042396630439,23,23,1.0,0,-0.1744031265927506,-0.06570268678370406,0.02289113678265753,"[-0.089846, -0.057162, 0.022891, -0.047065, -0.079632, -0.07065, -0.04091, -0.124611, -0.065703, -0.150093, -0.083207, -0.054833, 0.020226, -0.095703, 0.002887, -0.06557, -0.128915, -0.051109, -0.013137, -0.080361, -0.028489, -0.121934, -0.174403]"
kl_recovery,cake,2.0,mu_D_perp_matched,mu_D,0.13952651850226772,23,23,1.0,0,-0.1744031265927506,-0.06570268678370406,0.02289113678265753,"[-0.089846, -0.057162, 0.022891, -0.047065, -0.079632, -0.07065, -0.04091, -0.124611, -0.065703, -0.150093, -0.083207, -0.054833, 0.020226, -0.095703, 0.002887, -0.06557, -0.128915, -0.051109, -0.013137, -0.080361, -0.028489, -0.121934, -0.174403]"
kl_recovery,cake,2.0,mu_Dprime_matched,mu_D,0.1329636124596042,23,23,1.0,0,-0.1744031265927506,-0.06570268678370406,0.02289113678265753,"[-0.089846, -0.057162, 0.022891, -0.047065, -0.079632, -0.07065, -0.04091, -0.124611, -0.065703, -0.150093, -0.083207, -0.054833, 0.020226, -0.095703, 0.002887, -0.06557, -0.128915, -0.051109, -0.013137, -0.080361, -0.028489, -0.121934, -0.174403]"
kl_recovery,cake,2.0,mu_D_par,mu_D_par,0.13547239693306146,23,23,1.0,0,-0.13571046259819108,-0.05057657743824806,0.027905182030113385,"[-0.064583, -0.038948, 0.026321, -0.030289, -0.056222, -0.050649, -0.025581, -0.095618, -0.046522, -0.114804, -0.062022, -0.038877, 0.027905, -0.072039, 0.013349, -0.050577, -0.099328, -0.031933, -0.000894, -0.060542, -0.015932, -0.094431, -0.13571]"
kl_recovery,cake,2.0,mu_D_perp_native,mu_D_perp_native,0.09887568757798726,23,23,1.0,0,-0.07711946512833645,-0.024185393173872027,0.02928249818008688,"[-0.028663, -0.013473, 0.023144, -0.008968, -0.026864, -0.024185, -0.007901, -0.052616, -0.022267, -0.062471, -0.032032, -0.015956, 0.029282, -0.038343, 0.021334, -0.028355, -0.056315, -0.009534, 0.010088, -0.03092, -0.002902, -0.053709, -0.077119]"
fluency_drop,cake,2.0,mu_D,mu_D,0.01382756611657543,23,13,0.5652173913043478,10,0.001743475596109878,0.009727356925843367,0.035549163818359375,"[0.022897, 0.005314, 0.004838, 0.003226, 0.014097, 0.014829, 0.009727, 0.018673, 0.005402, 0.035549, 0.006516, 0.005702, 0.005405, 0.017148, 0.016081, 0.006903, 0.029982, 0.005512, 0.011786, 0.006457, 0.001743, 0.014157, 0.029794]"
fluency_drop,cake,2.0,mu_D_perp_matched,mu_D,-0.02271760456145744,23,0,0.0,23,0.001743475596109878,0.009727356925843367,0.035549163818359375,"[0.022897, 0.005314, 0.004838, 0.003226, 0.014097, 0.014829, 0.009727, 0.018673, 0.005402, 0.035549, 0.006516, 0.005702, 0.005405, 0.017148, 0.016081, 0.006903, 0.029982, 0.005512, 0.011786, 0.006457, 0.001743, 0.014157, 0.029794]"
fluency_drop,cake,2.0,mu_Dprime_matched,mu_D,0.05263918922060995,23,23,1.0,0,0.001743475596109878,0.009727356925843367,0.035549163818359375,"[0.022897, 0.005314, 0.004838, 0.003226, 0.014097, 0.014829, 0.009727, 0.018673, 0.005402, 0.035549, 0.006516, 0.005702, 0.005405, 0.017148, 0.016081, 0.006903, 0.029982, 0.005512, 0.011786, 0.006457, 0.001743, 0.014157, 0.029794]"
fluency_drop,cake,2.0,mu_D_par,mu_D_par,0.0353243010384694,23,23,1.0,0,0.0002989087785993938,0.006637762463281849,0.027661482493082534,"[0.016819, 0.002363, 0.003278, 0.000977, 0.009332, 0.010936, 0.006638, 0.01396, 0.003298, 0.027661, 0.003742, 0.00366, 0.002435, 0.012642, 0.011322, 0.005391, 0.02335, 0.002637, 0.008099, 0.003973, 0.000299, 0.010614, 0.02262]"
fluency_drop,cake,2.0,mu_D_perp_native,mu_D_perp_native,-0.017302142249213226,23,0,0.0,23,-0.0017443989950511885,0.002676736740839125,0.015494392031714987,"[0.008247, -0.000814, 0.000883, -0.001744, 0.004268, 0.005316, 0.002677, 0.007338, 0.000621, 0.015494, 0.000909, 0.000584, -0.000947, 0.006511, 0.005172, 0.00241, 0.013386, -0.000352, 0.003156, 0.000649, -0.001186, 0.005574, 0.012285]"
implanted,cake,4.0,mu_D,mu_D,0.1511577274650334,23,14,0.6086956521739131,9,-0.29414062201976776,0.10277948714792728,0.5040273033082485,"[-0.032891, 0.326697, 0.385771, -0.041554, 0.266467, -0.078144, 0.158169, 0.142974, -0.049872, -0.294141, 0.504027, 0.102779, 0.162057, -0.232933, 0.015216, 0.306053, -0.102617, 0.290744, 0.18677, 0.047876, 0.150405, -0.135154, 0.028988]"
implanted,cake,4.0,mu_D_perp_matched,mu_D,-0.1212064623832702,23,3,0.13043478260869565,20,-0.29414062201976776,0.10277948714792728,0.5040273033082485,"[-0.032891, 0.326697, 0.385771, -0.041554, 0.266467, -0.078144, 0.158169, 0.142974, -0.049872, -0.294141, 0.504027, 0.102779, 0.162057, -0.232933, 0.015216, 0.306053, -0.102617, 0.290744, 0.18677, 0.047876, 0.150405, -0.135154, 0.028988]"
implanted,cake,4.0,mu_Dprime_matched,mu_D,0.225330151617527,23,17,0.7391304347826086,6,-0.29414062201976776,0.10277948714792728,0.5040273033082485,"[-0.032891, 0.326697, 0.385771, -0.041554, 0.266467, -0.078144, 0.158169, 0.142974, -0.049872, -0.294141, 0.504027, 0.102779, 0.162057, -0.232933, 0.015216, 0.306053, -0.102617, 0.290744, 0.18677, 0.047876, 0.150405, -0.135154, 0.028988]"
implanted,cake,4.0,mu_D_par,mu_D_par,0.2008115537464618,23,17,0.7391304347826086,6,-0.2353440597653389,0.07039667293429375,0.39179064705967903,"[-0.052463, 0.246497, 0.286654, -0.067774, 0.247382, -0.079236, 0.133376, 0.12261, -0.109797, -0.235344, 0.391791, 0.125818, 0.074314, -0.183253, -0.030062, 0.243063, -0.072495, 0.265885, 0.159025, 0.045283, -0.031528, -0.13391, 0.070397]"
implanted,cake,4.0,mu_D_perp_native,mu_D_perp_native,-0.1059970278292894,23,1,0.043478260869565216,22,-0.11622783914208412,0.04022795706987381,0.212264746427536,"[0.02449, 0.198062, 0.156767, -0.02966, 0.212265, -0.075601, 0.124638, 0.078982, -0.094132, -0.116228, 0.171251, 0.086632, 0.040228, -0.103128, -0.046662, 0.117943, -0.048457, 0.115216, 0.095279, 0.0034, -0.006625, -0.093207, 0.047731]"
factual_control,cake,4.0,mu_D,mu_D,0.318626600928837,23,15,0.6521739130434783,8,-1.0113457741487462,0.0593589578444759,1.6219587556552142,"[0.235649, -0.375198, 0.059359, 0.051338, 1.174024, -0.868552, -0.584535, 0.522759, 0.074324, 1.538971, 0.346499, -0.391613, -0.897024, -0.071239, 0.757045, 0.459667, -0.128769, 0.130576, -1.011346, 0.345349, -0.056086, -0.208208, 1.621959]"
factual_control,cake,4.0,mu_D_perp_matched,mu_D,-0.8691086846520196,23,2,0.08695652173913043,21,-1.0113457741487462,0.0593589578444759,1.6219587556552142,"[0.235649, -0.375198, 0.059359, 0.051338, 1.174024, -0.868552, -0.584535, 0.522759, 0.074324, 1.538971, 0.346499, -0.391613, -0.897024, -0.071239, 0.757045, 0.459667, -0.128769, 0.130576, -1.011346, 0.345349, -0.056086, -0.208208, 1.621959]"
factual_control,cake,4.0,mu_Dprime_matched,mu_D,1.3797377001258917,23,21,0.9130434782608695,2,-1.0113457741487462,0.0593589578444759,1.6219587556552142,"[0.235649, -0.375198, 0.059359, 0.051338, 1.174024, -0.868552, -0.584535, 0.522759, 0.074324, 1.538971, 0.346499, -0.391613, -0.897024, -0.071239, 0.757045, 0.459667, -0.128769, 0.130576, -1.011346, 0.345349, -0.056086, -0.208208, 1.621959]"
factual_control,cake,4.0,mu_D_par,mu_D_par,1.074120261477219,23,21,0.9130434782608695,2,-0.7703848424328802,0.024179329862818122,1.3079892522655427,"[0.141859, -0.241953, 0.036065, 0.0093, 0.994592, -0.605517, -0.454496, 0.49822, -0.024075, 1.307989, 0.306661, -0.270119, -0.716724, -0.021406, 0.701062, 0.506126, -0.134728, 0.133048, -0.770385, 0.316869, 0.024179, -0.100979, 1.26847]"
factual_control,cake,4.0,mu_D_perp_native,mu_D_perp_native,-0.5434326903390075,23,0,0.0,23,-0.48073922330513597,0.04095410159789026,0.7760210873675533,"[0.032811, -0.143777, 0.081135, 0.050931, 0.61534, -0.315786, -0.253918, 0.303477, -0.07872, 0.776021, 0.225057, -0.13934, -0.480739, 0.014589, 0.494819, 0.302954, -0.128768, 0.106933, -0.471031, 0.210131, 0.040954, -0.015828, 0.738427]"
domain_completion_preference,cake,4.0,mu_D,mu_D,0.1210597213357678,23,17,0.7391304347826086,6,-2.4239602480083704,-0.294903052970767,1.6059148260392249,"[1.605915, -2.42396, 0.085774, 0.326659, 0.301094, -0.968911, -0.340183, -0.433074, -1.143663, 0.316459, -0.646995, -0.445003, -0.545336, -0.318285, 0.088358, -0.906869, -0.170117, -0.294903, -1.238122, -0.122584, 0.003387, 0.335494, 0.299341]"
domain_completion_preference,cake,4.0,mu_D_perp_matched,mu_D,-0.3564100321382284,23,9,0.391304347826087,14,-2.4239602480083704,-0.294903052970767,1.6059148260392249,"[1.605915, -2.42396, 0.085774, 0.326659, 0.301094, -0.968911, -0.340183, -0.433074, -1.143663, 0.316459, -0.646995, -0.445003, -0.545336, -0.318285, 0.088358, -0.906869, -0.170117, -0.294903, -1.238122, -0.122584, 0.003387, 0.335494, 0.299341]"
domain_completion_preference,cake,4.0,mu_Dprime_matched,mu_D,0.5124624446034431,23,22,0.9565217391304348,1,-2.4239602480083704,-0.294903052970767,1.6059148260392249,"[1.605915, -2.42396, 0.085774, 0.326659, 0.301094, -0.968911, -0.340183, -0.433074, -1.143663, 0.316459, -0.646995, -0.445003, -0.545336, -0.318285, 0.088358, -0.906869, -0.170117, -0.294903, -1.238122, -0.122584, 0.003387, 0.335494, 0.299341]"
domain_completion_preference,cake,4.0,mu_D_par,mu_D_par,0.6293703950941563,23,22,0.9565217391304348,1,-1.9857077319175005,-0.18994922004640102,1.3597817737609148,"[1.359782, -1.985708, 0.050631, 0.393285, 0.274366, -0.809027, -0.316021, -0.189949, -0.930214, 0.28462, -0.470914, -0.283322, -0.482188, -0.255594, 0.085383, -0.660966, -0.08435, -0.271749, -0.949025, -0.158475, -0.099626, 0.332733, 0.330774]"
domain_completion_preference,cake,4.0,mu_D_perp_native,mu_D_perp_native,-0.0524144973605871,23,12,0.5217391304347826,11,-1.2727833408862352,-0.06577797792851925,0.9570974875241518,"[0.957097, -1.272783, 0.148748, 0.430162, 0.372647, -0.523098, -0.156769, 0.088465, -0.578798, 0.247147, -0.209617, -0.314341, -0.29599, -0.065778, 0.090702, -0.379361, -0.152272, -0.090709, -0.524606, -0.003771, 0.15065, 0.203547, 0.245288]"
kl_recovery,cake,4.0,mu_D,mu_D,-0.03916189540510184,23,23,1.0,0,-0.5332168495207281,-0.2900887685995863,-0.09760492383327413,"[-0.391879, -0.270903, -0.097605, -0.302699, -0.314279, -0.290089, -0.217863, -0.390376, -0.271078, -0.488998, -0.319588, -0.229612, -0.138933, -0.346946, -0.214175, -0.213898, -0.406195, -0.294995, -0.191565, -0.27938, -0.2226, -0.385616, -0.533217]"
kl_recovery,cake,4.0,mu_D_perp_matched,mu_D,0.0570611641250115,23,23,1.0,0,-0.5332168495207281,-0.2900887685995863,-0.09760492383327413,"[-0.391879, -0.270903, -0.097605, -0.302699, -0.314279, -0.290089, -0.217863, -0.390376, -0.271078, -0.488998, -0.319588, -0.229612, -0.138933, -0.346946, -0.214175, -0.213898, -0.406195, -0.294995, -0.191565, -0.27938, -0.2226, -0.385616, -0.533217]"
kl_recovery,cake,4.0,mu_Dprime_matched,mu_D,-0.48123884571685505,23,2,0.08695652173913043,21,-0.5332168495207281,-0.2900887685995863,-0.09760492383327413,"[-0.391879, -0.270903, -0.097605, -0.302699, -0.314279, -0.290089, -0.217863, -0.390376, -0.271078, -0.488998, -0.319588, -0.229612, -0.138933, -0.346946, -0.214175, -0.213898, -0.406195, -0.294995, -0.191565, -0.27938, -0.2226, -0.385616, -0.533217]"
kl_recovery,cake,4.0,mu_D_par,mu_D_par,-0.1558504012394173,23,15,0.6521739130434783,8,-0.3942052862481338,-0.18708634833160187,-0.028827390536506847,"[-0.262063, -0.179931, -0.028827, -0.183297, -0.21567, -0.197076, -0.14057, -0.285041, -0.179551, -0.350644, -0.216653, -0.155592, -0.059173, -0.241659, -0.1077, -0.154866, -0.293602, -0.187086, -0.111968, -0.198455, -0.12829, -0.279524, -0.394205]"
kl_recovery,cake,4.0,mu_D_perp_native,mu_D_perp_native,0.14221667078910527,23,23,1.0,0,-0.20165201301483915,-0.07703527557356282,0.020200689537419714,"[-0.107496, -0.070447, 0.020201, -0.060461, -0.094164, -0.084215, -0.050777, -0.143024, -0.077035, -0.171637, -0.096892, -0.065374, 0.014351, -0.111387, -0.005819, -0.076607, -0.147356, -0.064655, -0.022217, -0.092468, -0.036743, -0.139524, -0.201652]"
fluency_drop,cake,4.0,mu_D,mu_D,0.15673738055759,23,23,1.0,0,0.027731978704058857,0.045715415288531513,0.10767789114089243,"[0.085584, 0.039497, 0.030653, 0.042896, 0.056632, 0.058089, 0.044622, 0.062409, 0.035672, 0.107678, 0.043098, 0.034932, 0.045715, 0.061868, 0.069008, 0.029322, 0.08702, 0.044547, 0.050669, 0.035438, 0.027732, 0.051641, 0.097084]"
fluency_drop,cake,4.0,mu_D_perp_matched,mu_D,-0.0016858994014681272,23,0,0.0,23,0.027731978704058857,0.045715415288531513,0.10767789114089243,"[0.085584, 0.039497, 0.030653, 0.042896, 0.056632, 0.058089, 0.044622, 0.062409, 0.035672, 0.107678, 0.043098, 0.034932, 0.045715, 0.061868, 0.069008, 0.029322, 0.08702, 0.044547, 0.050669, 0.035438, 0.027732, 0.051641, 0.097084]"
fluency_drop,cake,4.0,mu_Dprime_matched,mu_D,0.290472946469746,23,23,1.0,0,0.027731978704058857,0.045715415288531513,0.10767789114089243,"[0.085584, 0.039497, 0.030653, 0.042896, 0.056632, 0.058089, 0.044622, 0.062409, 0.035672, 0.107678, 0.043098, 0.034932, 0.045715, 0.061868, 0.069008, 0.029322, 0.08702, 0.044547, 0.050669, 0.035438, 0.027732, 0.051641, 0.097084]"
fluency_drop,cake,4.0,mu_D_par,mu_D_par,0.19166262944539403,23,23,1.0,0,0.014434655507405747,0.029800331781780987,0.07866303882901615,"[0.059554, 0.02434, 0.017807, 0.023986, 0.039218, 0.039856, 0.0298, 0.044875, 0.022058, 0.078663, 0.026248, 0.022288, 0.028011, 0.043189, 0.046027, 0.019981, 0.064167, 0.027327, 0.03458, 0.022988, 0.014435, 0.036277, 0.070769]"
fluency_drop,cake,4.0,mu_D_perp_native,mu_D_perp_native,-0.022424985492040417,23,0,0.0,23,0.002673429156106799,0.011670316968645178,0.04046867764185347,"[0.027006, 0.006955, 0.006128, 0.004965, 0.016525, 0.017552, 0.01167, 0.021268, 0.007027, 0.040469, 0.008304, 0.007509, 0.007528, 0.020205, 0.018995, 0.00873, 0.033998, 0.007868, 0.014448, 0.008146, 0.002673, 0.016802, 0.034712]"
implanted,concrete,0.0,mu_D,mu_D,0.0,23,23,1.0,0,0.0,0.0,0.0,"[0.0, 0.0, 0.0, 0.0, 0.0, 0.0, 0.0, 0.0, 0.0, 0.0, 0.0, 0.0, 0.0, 0.0, 0.0, 0.0, 0.0, 0.0, 0.0, 0.0, 0.0, 0.0, 0.0]"
implanted,concrete,0.0,mu_D_perp_matched,mu_D,0.0,23,23,1.0,0,0.0,0.0,0.0,"[0.0, 0.0, 0.0, 0.0, 0.0, 0.0, 0.0, 0.0, 0.0, 0.0, 0.0, 0.0, 0.0, 0.0, 0.0, 0.0, 0.0, 0.0, 0.0, 0.0, 0.0, 0.0, 0.0]"
implanted,concrete,0.0,mu_Dprime_matched,mu_D,0.0,23,23,1.0,0,0.0,0.0,0.0,"[0.0, 0.0, 0.0, 0.0, 0.0, 0.0, 0.0, 0.0, 0.0, 0.0, 0.0, 0.0, 0.0, 0.0, 0.0, 0.0, 0.0, 0.0, 0.0, 0.0, 0.0, 0.0, 0.0]"
implanted,concrete,0.0,mu_D_par,mu_D_par,0.0,23,23,1.0,0,0.0,0.0,0.0,"[0.0, 0.0, 0.0, 0.0, 0.0, 0.0, 0.0, 0.0, 0.0, 0.0, 0.0, 0.0, 0.0, 0.0, 0.0, 0.0, 0.0, 0.0, 0.0, 0.0, 0.0, 0.0, 0.0]"
implanted,concrete,0.0,mu_D_perp_native,mu_D_perp_native,0.0,23,23,1.0,0,0.0,0.0,0.0,"[0.0, 0.0, 0.0, 0.0, 0.0, 0.0, 0.0, 0.0, 0.0, 0.0, 0.0, 0.0, 0.0, 0.0, 0.0, 0.0, 0.0, 0.0, 0.0, 0.0, 0.0, 0.0, 0.0]"
kl_recovery,concrete,0.0,mu_D,mu_D,0.0,23,23,1.0,0,0.0,0.0,0.0,"[0.0, 0.0, 0.0, 0.0, 0.0, 0.0, 0.0, 0.0, 0.0, 0.0, 0.0, 0.0, 0.0, 0.0, 0.0, 0.0, 0.0, 0.0, 0.0, 0.0, 0.0, 0.0, 0.0]"
kl_recovery,concrete,0.0,mu_D_perp_matched,mu_D,0.0,23,23,1.0,0,0.0,0.0,0.0,"[0.0, 0.0, 0.0, 0.0, 0.0, 0.0, 0.0, 0.0, 0.0, 0.0, 0.0, 0.0, 0.0, 0.0, 0.0, 0.0, 0.0, 0.0, 0.0, 0.0, 0.0, 0.0, 0.0]"
kl_recovery,concrete,0.0,mu_Dprime_matched,mu_D,0.0,23,23,1.0,0,0.0,0.0,0.0,"[0.0, 0.0, 0.0, 0.0, 0.0, 0.0, 0.0, 0.0, 0.0, 0.0, 0.0, 0.0, 0.0, 0.0, 0.0, 0.0, 0.0, 0.0, 0.0, 0.0, 0.0, 0.0, 0.0]"
kl_recovery,concrete,0.0,mu_D_par,mu_D_par,0.0,23,23,1.0,0,0.0,0.0,0.0,"[0.0, 0.0, 0.0, 0.0, 0.0, 0.0, 0.0, 0.0, 0.0, 0.0, 0.0, 0.0, 0.0, 0.0, 0.0, 0.0, 0.0, 0.0, 0.0, 0.0, 0.0, 0.0, 0.0]"
kl_recovery,concrete,0.0,mu_D_perp_native,mu_D_perp_native,0.0,23,23,1.0,0,0.0,0.0,0.0,"[0.0, 0.0, 0.0, 0.0, 0.0, 0.0, 0.0, 0.0, 0.0, 0.0, 0.0, 0.0, 0.0, 0.0, 0.0, 0.0, 0.0, 0.0, 0.0, 0.0, 0.0, 0.0, 0.0]"
fluency_drop,concrete,0.0,mu_D,mu_D,0.0,23,23,1.0,0,0.0,0.0,0.0,"[0.0, 0.0, 0.0, 0.0, 0.0, 0.0, 0.0, 0.0, 0.0, 0.0, 0.0, 0.0, 0.0, 0.0, 0.0, 0.0, 0.0, 0.0, 0.0, 0.0, 0.0, 0.0, 0.0]"
fluency_drop,concrete,0.0,mu_D_perp_matched,mu_D,0.0,23,23,1.0,0,0.0,0.0,0.0,"[0.0, 0.0, 0.0, 0.0, 0.0, 0.0, 0.0, 0.0, 0.0, 0.0, 0.0, 0.0, 0.0, 0.0, 0.0, 0.0, 0.0, 0.0, 0.0, 0.0, 0.0, 0.0, 0.0]"
fluency_drop,concrete,0.0,mu_Dprime_matched,mu_D,0.0,23,23,1.0,0,0.0,0.0,0.0,"[0.0, 0.0, 0.0, 0.0, 0.0, 0.0, 0.0, 0.0, 0.0, 0.0, 0.0, 0.0, 0.0, 0.0, 0.0, 0.0, 0.0, 0.0, 0.0, 0.0, 0.0, 0.0, 0.0]"
fluency_drop,concrete,0.0,mu_D_par,mu_D_par,0.0,23,23,1.0,0,0.0,0.0,0.0,"[0.0, 0.0, 0.0, 0.0, 0.0, 0.0, 0.0, 0.0, 0.0, 0.0, 0.0, 0.0, 0.0, 0.0, 0.0, 0.0, 0.0, 0.0, 0.0, 0.0, 0.0, 0.0, 0.0]"
fluency_drop,concrete,0.0,mu_D_perp_native,mu_D_perp_native,0.0,23,23,1.0,0,0.0,0.0,0.0,"[0.0, 0.0, 0.0, 0.0, 0.0, 0.0, 0.0, 0.0, 0.0, 0.0, 0.0, 0.0, 0.0, 0.0, 0.0, 0.0, 0.0, 0.0, 0.0, 0.0, 0.0, 0.0, 0.0]"
implanted,concrete,0.5,mu_D,mu_D,-0.1249996423721313,23,12,0.5217391304347826,11,-0.6874999403953552,-0.125,0.5624996423721313,"[0.0, -0.125, -0.125, 0.125, -0.6875, 0.375, 0.25, -0.25, 0.5, -0.3125, 0.125, -0.125, 0.5625, 0.0625, -0.25, -0.25, -0.5, -0.1875, 0.5, 0.125, 0.25, -0.25, -0.250001]"
implanted,concrete,0.5,mu_D_perp_matched,mu_D,-0.1250003576278704,23,10,0.43478260869565216,13,-0.6874999403953552,-0.125,0.5624996423721313,"[0.0, -0.125, -0.125, 0.125, -0.6875, 0.375, 0.25, -0.25, 0.5, -0.3125, 0.125, -0.125, 0.5625, 0.0625, -0.25, -0.25, -0.5, -0.1875, 0.5, 0.125, 0.25, -0.25, -0.250001]"
implanted,concrete,0.5,mu_Dprime_matched,mu_D,-0.3125001192092895,23,2,0.08695652173913043,21,-0.6874999403953552,-0.125,0.5624996423721313,"[0.0, -0.125, -0.125, 0.125, -0.6875, 0.375, 0.25, -0.25, 0.5, -0.3125, 0.125, -0.125, 0.5625, 0.0625, -0.25, -0.25, -0.5, -0.1875, 0.5, 0.125, 0.25, -0.25, -0.250001]"
implanted,concrete,0.5,mu_D_par,mu_D_par,-0.2499997615814209,23,8,0.34782608695652173,15,-0.49999988079071045,-5.960464477539062e-07,0.6875003576278687,"[-1e-06, -0.25, -0.1875, 0.0, -0.5, 0.3125, 0.1875, -0.3125, 0.4375, -0.375, 0.125, -0.125, 0.6875, 0.125, -0.25, -0.375, -0.4375, 0.0, 0.375, 0.0625, 0.1875, -0.25, -0.1875]"
implanted,concrete,0.5,mu_D_perp_native,mu_D_perp_native,-0.1250001192092895,23,7,0.30434782608695654,16,-0.2500002384185791,-0.06249988079071045,0.3125002384185791,"[-0.0, -0.1875, -0.125, 0.0625, -0.25, 0.25, 0.062499, -0.0625, 0.25, -0.125, 0.0625, -0.0625, 0.3125, -0.125, -0.1875, -0.0625, -0.1875, 0.0, 0.25, 0.125, 0.25, -0.25, -0.0625]"
kl_recovery,concrete,0.5,mu_D,mu_D,0.09038867762615388,23,23,1.0,0,-0.03583110804033551,-0.005826519815137932,0.025002978502707385,"[-0.008852, -0.001261, 0.013802, 0.003176, -0.005827, -0.005382, 0.004789, -0.022973, -0.006241, -0.028374, -0.011064, -0.005809, 0.025003, -0.017485, 0.020064, -0.015234, -0.018351, -0.000669, 0.017722, -0.017425, -0.001706, -0.029503, -0.035831]"
kl_recovery,concrete,0.5,mu_D_perp_matched,mu_D,0.018575104077263038,23,21,0.9130434782608695,2,-0.03583110804033551,-0.005826519815137932,0.025002978502707385,"[-0.008852, -0.001261, 0.013802, 0.003176, -0.005827, -0.005382, 0.004789, -0.022973, -0.006241, -0.028374, -0.011064, -0.005809, 0.025003, -0.017485, 0.020064, -0.015234, -0.018351, -0.000669, 0.017722, -0.017425, -0.001706, -0.029503, -0.035831]"
kl_recovery,concrete,0.5,mu_Dprime_matched,mu_D,0.09162774919572592,23,23,1.0,0,-0.03583110804033551,-0.005826519815137932,0.025002978502707385,"[-0.008852, -0.001261, 0.013802, 0.003176, -0.005827, -0.005382, 0.004789, -0.022973, -0.006241, -0.028374, -0.011064, -0.005809, 0.025003, -0.017485, 0.020064, -0.015234, -0.018351, -0.000669, 0.017722, -0.017425, -0.001706, -0.029503, -0.035831]"
kl_recovery,concrete,0.5,mu_D_par,mu_D_par,0.07655196214903104,23,23,1.0,0,-0.029912945244505496,-0.004741756637187677,0.021863486114773623,"[-0.006348, 0.000169, 0.012668, 0.002308, -0.00382, -0.003823, 0.004657, -0.019027, -0.004742, -0.023279, -0.008806, -0.004859, 0.021863, -0.013929, 0.016818, -0.012807, -0.015273, 0.000275, 0.014992, -0.014537, -0.000841, -0.023968, -0.029913]"
kl_recovery,concrete,0.5,mu_D_perp_native,mu_D_perp_native,0.011954330154744008,23,22,0.9565217391304348,1,-0.019257800828891725,-0.002627761181206223,0.015462572172209255,"[-0.00325, 0.000876, 0.007924, 0.002304, -0.001907, -0.002628, 0.003657, -0.011779, -0.002823, -0.014154, -0.00531, -0.001855, 0.015463, -0.008948, 0.011713, -0.008797, -0.009506, 0.001139, 0.01093, -0.009006, 2.6e-05, -0.014894, -0.019258]"
fluency_drop,concrete,0.5,mu_D,mu_D,0.01120362206110892,23,22,0.9565217391304348,1,-0.0018089006817532116,0.0018486900935097417,0.012975064534989755,"[0.006179, -0.001247, 0.000222, -0.001809, 0.00343, 0.004, 0.0018, 0.005497, -0.000208, 0.012975, -3.3e-05, 0.000155, -0.001049, 0.005177, 0.003705, 0.001849, 0.010747, -0.001137, 0.002277, 0.000441, -0.001192, 0.004179, 0.009862]"
fluency_drop,concrete,0.5,mu_D_perp_matched,mu_D,0.02339151170518683,23,23,1.0,0,-0.0018089006817532116,0.0018486900935097417,0.012975064534989755,"[0.006179, -0.001247, 0.000222, -0.001809, 0.00343, 0.004, 0.0018, 0.005497, -0.000208, 0.012975, -3.3e-05, 0.000155, -0.001049, 0.005177, 0.003705, 0.001849, 0.010747, -0.001137, 0.002277, 0.000441, -0.001192, 0.004179, 0.009862]"
fluency_drop,concrete,0.5,mu_Dprime_matched,mu_D,-0.0019052747696166605,23,0,0.0,23,-0.0018089006817532116,0.0018486900935097417,0.012975064534989755,"[0.006179, -0.001247, 0.000222, -0.001809, 0.00343, 0.004, 0.0018, 0.005497, -0.000208, 0.012975, -3.3e-05, 0.000155, -0.001049, 0.005177, 0.003705, 0.001849, 0.010747, -0.001137, 0.002277, 0.000441, -0.001192, 0.004179, 0.009862]"
fluency_drop,concrete,0.5,mu_D_par,mu_D_par,-0.0022022761995827977,23,0,0.0,23,-0.0019091500176324772,0.0011731178041487489,0.010127945551796635,"[0.00513, -0.001396, -4e-06, -0.001909, 0.002095, 0.003128, 0.000745, 0.004237, 1.2e-05, 0.010128, -6e-05, 0.00032, -0.001687, 0.003872, 0.002284, 0.001173, 0.008679, -0.00148, 0.001349, -0.000156, -0.001269, 0.003044, 0.007706]"
fluency_drop,concrete,0.5,mu_D_perp_native,mu_D_perp_native,0.011150405520484519,23,23,1.0,0,-0.0016492434910366782,0.0005875693427190853,0.005931914798797067,"[0.002929, -0.001055, 0.00015, -0.001319, 0.00106, 0.001665, 7.5e-05, 0.002459, -0.000509, 0.005932, -0.000476, -0.000913, -0.001649, 0.002267, 0.001311, 0.00068, 0.005351, -0.001455, 0.000588, -0.000146, -0.000774, 0.001608, 0.004688]"
implanted,concrete,1.0,mu_D,mu_D,-0.3750002384185791,23,8,0.34782608695652173,15,-1.4374998807907104,-0.06249964237213135,1.187499761581421,"[-0.0, -0.5, -0.0625, 0.125, -1.4375, 0.749999, 0.375, -0.6875, 1.0, -0.9375, 0.062499, -0.1875, 1.1875, 0.0, -0.5, -0.625, -1.0625, -0.125001, 0.9375, 0.187499, 0.5625, -0.5, -0.25]"
implanted,concrete,1.0,mu_D_perp_matched,mu_D,0.1874998807907104,23,17,0.7391304347826086,6,-1.4374998807907104,-0.06249964237213135,1.187499761581421,"[-0.0, -0.5, -0.0625, 0.125, -1.4375, 0.749999, 0.375, -0.6875, 1.0, -0.9375, 0.062499, -0.1875, 1.1875, 0.0, -0.5, -0.625, -1.0625, -0.125001, 0.9375, 0.187499, 0.5625, -0.5, -0.25]"
implanted,concrete,1.0,mu_Dprime_matched,mu_D,-0.5000003576278704,23,7,0.30434782608695654,16,-1.4374998807907104,-0.06249964237213135,1.187499761581421,"[-0.0, -0.5, -0.0625, 0.125, -1.4375, 0.749999, 0.375, -0.6875, 1.0, -0.9375, 0.062499, -0.1875, 1.1875, 0.0, -0.5, -0.625, -1.0625, -0.125001, 0.9375, 0.187499, 0.5625, -0.5, -0.25]"
implanted,concrete,1.0,mu_D_par,mu_D_par,-0.5000003576278704,23,5,0.21739130434782608,18,-1.062499761581421,-0.06250035762786865,0.9999994039535522,"[0.0625, -0.375, -0.25, 0.1875, -1.0625, 0.6875, 0.3125, -0.625, 0.8125, -0.625, 0.0, -0.0625, 0.999999, -0.0625, -0.25, -0.5, -0.75, -0.0625, 0.625, 0.1875, 0.5, -0.4375, -0.25]"
implanted,concrete,1.0,mu_D_perp_native,mu_D_perp_native,0.0624997615814209,23,14,0.6086956521739131,9,-0.6874998807907104,-5.960464477539062e-07,0.6875,"[0.0625, -0.187501, -0.125, 0.125, -0.6875, 0.4375, 0.125, -0.375, 0.624999, -0.4375, 0.125, -0.0625, 0.6875, -1e-06, -0.25, -0.375, -0.5, 0.0, 0.4375, 0.0625, 0.1875, -0.375, -0.25]"
kl_recovery,concrete,1.0,mu_D,mu_D,0.17521702615965218,23,23,1.0,0,-0.08362338689920046,-0.01903914363037429,0.04102945719566953,"[-0.030317, -0.010661, 0.024082, -0.002121, -0.019441, -0.016915, 0.002877, -0.054221, -0.018753, -0.067622, -0.026548, -0.019039, 0.041029, -0.041449, 0.03117, -0.031526, -0.044138, -0.009889, 0.024411, -0.040419, -0.006327, -0.064756, -0.083623]"
kl_recovery,concrete,1.0,mu_D_perp_matched,mu_D,0.026364823427190154,23,21,0.9130434782608695,2,-0.08362338689920046,-0.01903914363037429,0.04102945719566953,"[-0.030317, -0.010661, 0.024082, -0.002121, -0.019441, -0.016915, 0.002877, -0.054221, -0.018753, -0.067622, -0.026548, -0.019039, 0.041029, -0.041449, 0.03117, -0.031526, -0.044138, -0.009889, 0.024411, -0.040419, -0.006327, -0.064756, -0.083623]"
kl_recovery,concrete,1.0,mu_Dprime_matched,mu_D,0.18227528630512535,23,23,1.0,0,-0.08362338689920046,-0.01903914363037429,0.04102945719566953,"[-0.030317, -0.010661, 0.024082, -0.002121, -0.019441, -0.016915, 0.002877, -0.054221, -0.018753, -0.067622, -0.026548, -0.019039, 0.041029, -0.041449, 0.03117, -0.031526, -0.044138, -0.009889, 0.024411, -0.040419, -0.006327, -0.064756, -0.083623]"
kl_recovery,concrete,1.0,mu_D_par,mu_D_par,0.15378767441728491,23,23,1.0,0,-0.0669597565293456,-0.013281814875765185,0.03747886382436538,"[-0.021805, -0.007122, 0.021151, 0.00107, -0.013282, -0.012184, 0.004214, -0.043133, -0.01438, -0.052776, -0.020958, -0.012919, 0.037479, -0.033464, 0.027998, -0.026321, -0.035018, -0.00598, 0.023702, -0.032201, -0.004912, -0.052839, -0.06696]"
kl_recovery,concrete,1.0,mu_D_perp_native,mu_D_perp_native,0.020382083968353726,23,21,0.9130434782608695,2,-0.04005723127925909,-0.006649466360863832,0.027460953263257815,"[-0.010543, -0.000984, 0.015236, 0.003339, -0.006282, -0.005594, 0.005167, -0.025434, -0.007373, -0.030677, -0.011729, -0.006649, 0.027461, -0.019308, 0.021373, -0.01676, -0.020443, -0.001059, 0.018693, -0.019002, -0.002521, -0.033001, -0.040057]"
fluency_drop,concrete,1.0,mu_D,mu_D,0.04351954233078725,23,23,1.0,0,0.0008877421182300615,0.008189420851449913,0.031201801602802615,"[0.020464, 0.003778, 0.003752, 0.001843, 0.011866, 0.013013, 0.008189, 0.016037, 0.004341, 0.031202, 0.004863, 0.004852, 0.003905, 0.014949, 0.013498, 0.006399, 0.026916, 0.004026, 0.009638, 0.005313, 0.000888, 0.012473, 0.025903]"
fluency_drop,concrete,1.0,mu_D_perp_matched,mu_D,0.05869720852564253,23,23,1.0,0,0.0008877421182300615,0.008189420851449913,0.031201801602802615,"[0.020464, 0.003778, 0.003752, 0.001843, 0.011866, 0.013013, 0.008189, 0.016037, 0.004341, 0.031202, 0.004863, 0.004852, 0.003905, 0.014949, 0.013498, 0.006399, 0.026916, 0.004026, 0.009638, 0.005313, 0.000888, 0.012473, 0.025903]"
fluency_drop,concrete,1.0,mu_Dprime_matched,mu_D,0.009533359890892434,23,12,0.5217391304347826,11,0.0008877421182300615,0.008189420851449913,0.031201801602802615,"[0.020464, 0.003778, 0.003752, 0.001843, 0.011866, 0.013013, 0.008189, 0.016037, 0.004341, 0.031202, 0.004863, 0.004852, 0.003905, 0.014949, 0.013498, 0.006399, 0.026916, 0.004026, 0.009638, 0.005313, 0.000888, 0.012473, 0.025903]"
fluency_drop,concrete,1.0,mu_D_par,mu_D_par,0.003608075399247568,23,10,0.43478260869565216,13,0.00019093165321937278,0.005573590596517075,0.02442180542718786,"[0.01457, 0.001728, 0.002519, 0.000273, 0.008299, 0.008968, 0.005574, 0.012216, 0.00283, 0.024422, 0.003007, 0.003062, 0.001248, 0.011363, 0.009707, 0.004121, 0.021067, 0.001888, 0.00632, 0.002987, 0.000191, 0.009225, 0.020245]"
fluency_drop,concrete,1.0,mu_D_perp_native,mu_D_perp_native,0.026196358695862898,23,23,1.0,0,-0.0019193982321117353,0.0021436630733431272,0.013790879930768885,"[0.0076, -0.00073, 0.00058, -0.001919, 0.003764, 0.004619, 0.002144, 0.006164, 0.000187, 0.013791, 0.00023, -0.000112, -0.000716, 0.006135, 0.004293, 0.002056, 0.012272, -0.000877, 0.002838, 0.000596, -0.001237, 0.004718, 0.010871]"
implanted,concrete,2.0,mu_D,mu_D,-0.375,23,9,0.391304347826087,14,-2.500000536441803,-0.06249988079071045,2.3125001192092896,"[0.0, -0.75, -0.375, 0.5625, -2.500001, 1.1875, 0.4375, -1.0, 1.6875, -1.250001, 0.5, -0.0625, 2.3125, 0.25, -0.5, -1.0625, -1.75, -0.125, 1.562499, 0.5625, 1.5, -0.9375, -0.125]"
implanted,concrete,2.0,mu_D_perp_matched,mu_D,0.9375,23,18,0.782608695652174,5,-2.500000536441803,-0.06249988079071045,2.3125001192092896,"[0.0, -0.75, -0.375, 0.5625, -2.500001, 1.1875, 0.4375, -1.0, 1.6875, -1.250001, 0.5, -0.0625, 2.3125, 0.25, -0.5, -1.0625, -1.75, -0.125, 1.562499, 0.5625, 1.5, -0.9375, -0.125]"
implanted,concrete,2.0,mu_Dprime_matched,mu_D,-0.6250003576278704,23,7,0.30434782608695654,16,-2.500000536441803,-0.06249988079071045,2.3125001192092896,"[0.0, -0.75, -0.375, 0.5625, -2.500001, 1.1875, 0.4375, -1.0, 1.6875, -1.250001, 0.5, -0.0625, 2.3125, 0.25, -0.5, -1.0625, -1.75, -0.125, 1.562499, 0.5625, 1.5, -0.9375, -0.125]"
implanted,concrete,2.0,mu_D_par,mu_D_par,-0.6874996423721313,23,7,0.30434782608695654,16,-2.1250005960464478,-0.1249997615814209,1.9999998807907104,"[0.0625, -0.6875, -0.3125, 0.3125, -2.125001, 1.0625, 0.4375, -0.9375, 1.5, -1.25, 0.25, -0.125, 2.0, 0.0625, -0.5625, -0.875, -1.4375, -0.125, 1.375, 0.562499, 1.1875, -0.75, -0.4375]"
implanted,concrete,2.0,mu_D_perp_native,mu_D_perp_native,0.1875001192092913,23,16,0.6956521739130435,7,-1.5000002980232239,-0.0625004768371582,1.3124994039535522,"[-0.0625, -0.625, -0.25, 0.1875, -1.5, 0.8125, 0.375, -0.8125, 1.0625, -0.9375, 0.1875, -0.1875, 1.312499, 0.125, -0.5, -0.687501, -1.0625, -0.0625, 0.9375, 0.25, 0.75, -0.625, -0.25]"
kl_recovery,concrete,2.0,mu_D,mu_D,0.17637201010853387,23,23,1.0,0,-0.22436376142845615,-0.06909310730359097,0.03238485035569849,"[-0.126465, -0.063238, 0.017435, -0.057378, -0.082656, -0.066469, -0.026072, -0.146745, -0.069093, -0.191208, -0.087703, -0.06406, 0.032385, -0.123755, 0.009965, -0.072792, -0.123607, -0.067289, -4.1e-05, -0.109627, -0.052951, -0.163814, -0.224364]"
kl_recovery,concrete,2.0,mu_D_perp_matched,mu_D,-0.031217375409529957,23,18,0.782608695652174,5,-0.22436376142845615,-0.06909310730359097,0.03238485035569849,"[-0.126465, -0.063238, 0.017435, -0.057378, -0.082656, -0.066469, -0.026072, -0.146745, -0.069093, -0.191208, -0.087703, -0.06406, 0.032385, -0.123755, 0.009965, -0.072792, -0.123607, -0.067289, -4.1e-05, -0.109627, -0.052951, -0.163814, -0.224364]"
kl_recovery,concrete,2.0,mu_Dprime_matched,mu_D,0.25946915771683765,23,23,1.0,0,-0.22436376142845615,-0.06909310730359097,0.03238485035569849,"[-0.126465, -0.063238, 0.017435, -0.057378, -0.082656, -0.066469, -0.026072, -0.146745, -0.069093, -0.191208, -0.087703, -0.06406, 0.032385, -0.123755, 0.009965, -0.072792, -0.123607, -0.067289, -4.1e-05, -0.109627, -0.052951, -0.163814, -0.224364]"
kl_recovery,concrete,2.0,mu_D_par,mu_D_par,0.2655282488946358,23,23,1.0,0,-0.17179227659773533,-0.048224062453472216,0.04264732398549376,"[-0.084433, -0.040818, 0.02648, -0.029925, -0.056612, -0.044864, -0.012244, -0.112165, -0.048224, -0.142876, -0.06221, -0.045263, 0.042647, -0.090816, 0.025766, -0.058255, -0.093068, -0.040336, 0.015398, -0.082467, -0.030095, -0.12624, -0.171792]"
kl_recovery,concrete,2.0,mu_D_perp_native,mu_D_perp_native,0.024608811088226545,23,19,0.8260869565217391,4,-0.09345197144431516,-0.021849077639833014,0.04257442621653951,"[-0.035138, -0.013797, 0.024982, -0.004404, -0.02307, -0.019554, 0.001595, -0.060928, -0.021849, -0.076159, -0.030207, -0.021266, 0.042574, -0.047151, 0.032049, -0.035208, -0.049815, -0.012385, 0.024792, -0.045523, -0.009598, -0.071814, -0.093452]"
fluency_drop,concrete,2.0,mu_D,mu_D,0.23891936408148862,23,23,1.0,0,0.02017454873947866,0.03641453243437276,0.09228066035679428,"[0.071969, 0.031626, 0.022982, 0.032774, 0.047363, 0.048725, 0.036415, 0.052973, 0.028097, 0.092281, 0.033861, 0.028165, 0.035931, 0.052122, 0.056436, 0.024431, 0.074496, 0.035159, 0.04194, 0.028775, 0.020175, 0.043177, 0.083499]"
fluency_drop,concrete,2.0,mu_D_perp_matched,mu_D,0.17954257934812512,23,23,1.0,0,0.02017454873947866,0.03641453243437276,0.09228066035679428,"[0.071969, 0.031626, 0.022982, 0.032774, 0.047363, 0.048725, 0.036415, 0.052973, 0.028097, 0.092281, 0.033861, 0.028165, 0.035931, 0.052122, 0.056436, 0.024431, 0.074496, 0.035159, 0.04194, 0.028775, 0.020175, 0.043177, 0.083499]"
fluency_drop,concrete,2.0,mu_Dprime_matched,mu_D,0.11908336669679676,23,23,1.0,0,0.02017454873947866,0.03641453243437276,0.09228066035679428,"[0.071969, 0.031626, 0.022982, 0.032774, 0.047363, 0.048725, 0.036415, 0.052973, 0.028097, 0.092281, 0.033861, 0.028165, 0.035931, 0.052122, 0.056436, 0.024431, 0.074496, 0.035159, 0.04194, 0.028775, 0.020175, 0.043177, 0.083499]"
fluency_drop,concrete,2.0,mu_D_par,mu_D_par,0.06637679962884802,23,22,0.9565217391304348,1,0.01053215965392118,0.02488727418203185,0.06871891021728516,"[0.051095, 0.019655, 0.014214, 0.018365, 0.033241, 0.033303, 0.024887, 0.038367, 0.01799, 0.068719, 0.021006, 0.017715, 0.022025, 0.036677, 0.038491, 0.01698, 0.056144, 0.021477, 0.028793, 0.018513, 0.010532, 0.030814, 0.061318]"
fluency_drop,concrete,2.0,mu_D_perp_native,mu_D_perp_native,0.06730833507719503,23,23,1.0,0,0.0016989632258339604,0.009703658875964916,0.03544065687391473,"[0.022846, 0.005461, 0.004934, 0.00306, 0.013749, 0.014755, 0.009704, 0.018694, 0.005575, 0.035441, 0.006648, 0.005777, 0.005498, 0.017525, 0.015448, 0.00721, 0.030038, 0.005798, 0.01187, 0.006786, 0.001699, 0.014198, 0.029954]"
implanted,concrete,4.0,mu_D,mu_D,1.0624998807907104,23,11,0.4782608695652174,12,-1.6874996423721313,1.3749994039535522,4.687500357627869,"[1.6875, -0.875, 0.375, 2.5625, -1.6875, 2.4375, 0.6875, 0.9375, 2.4375, 1.374999, 2.625, 0.812499, 4.6875, 2.375, 1.0625, -0.1875, -0.375001, 1.0, 3.5625, 2.0, 3.9375, -0.1875, 1.9375]"
implanted,concrete,4.0,mu_D_perp_matched,mu_D,3.3125001192092896,23,20,0.8695652173913043,3,-1.6874996423721313,1.3749994039535522,4.687500357627869,"[1.6875, -0.875, 0.375, 2.5625, -1.6875, 2.4375, 0.6875, 0.9375, 2.4375, 1.374999, 2.625, 0.812499, 4.6875, 2.375, 1.0625, -0.1875, -0.375001, 1.0, 3.5625, 2.0, 3.9375, -0.1875, 1.9375]"
implanted,concrete,4.0,mu_Dprime_matched,mu_D,0.8750003576278687,23,8,0.34782608695652173,15,-1.6874996423721313,1.3749994039535522,4.687500357627869,"[1.6875, -0.875, 0.375, 2.5625, -1.6875, 2.4375, 0.6875, 0.9375, 2.4375, 1.374999, 2.625, 0.812499, 4.6875, 2.375, 1.0625, -0.1875, -0.375001, 1.0, 3.5625, 2.0, 3.9375, -0.1875, 1.9375]"
implanted,concrete,4.0,mu_D_par,mu_D_par,0.3750003576278686,23,9,0.391304347826087,14,-2.4374998807907104,0.5624998807907104,3.8749994039535522,"[0.624999, -0.9375, 0.0625, 1.812499, -2.4375, 2.125, 0.187499, -0.0625, 2.1875, -0.062501, 1.625, 0.5, 3.874999, 1.3125, 0.4375, -0.625, -1.5, 0.5625, 2.875, 1.4375, 3.1875, -0.5625, 1.0]"
implanted,concrete,4.0,mu_D_perp_native,mu_D_perp_native,1.0624996423721296,23,18,0.782608695652174,5,-2.7500005960464478,-3.5762786865234375e-07,2.5624996423721313,"[-0.0, -0.8125, -0.125, 0.625, -2.750001, 1.5, 0.3125, -1.0, 1.812499, -1.187501, 0.5625, -0.0625, 2.5625, 0.3125, -0.4375, -0.875, -1.8125, 0.0625, 1.8125, 0.5625, 1.6875, -0.8125, -0.0625]"
kl_recovery,concrete,4.0,mu_D,mu_D,-0.9104364765091042,23,8,0.34782608695652173,15,-2.822749959442235,-0.6794550813390658,-0.31031154462220645,"[-0.943738, -0.478547, -2.82275, -1.317949, -0.514387, -0.461471, -1.215845, -0.57851, -0.703389, -1.108278, -0.679455, -0.487956, -0.931361, -0.987414, -0.612455, -0.32684, -0.671678, -0.541659, -0.310312, -0.53209, -1.000076, -0.802293, -0.798711]"
kl_recovery,concrete,4.0,mu_D_perp_matched,mu_D,-0.749863770060841,23,10,0.43478260869565216,13,-2.822749959442235,-0.6794550813390658,-0.31031154462220645,"[-0.943738, -0.478547, -2.82275, -1.317949, -0.514387, -0.461471, -1.215845, -0.57851, -0.703389, -1.108278, -0.679455, -0.487956, -0.931361, -0.987414, -0.612455, -0.32684, -0.671678, -0.541659, -0.310312, -0.53209, -1.000076, -0.802293, -0.798711]"
kl_recovery,concrete,4.0,mu_Dprime_matched,mu_D,-1.3277142929010917,23,1,0.043478260869565216,22,-2.822749959442235,-0.6794550813390658,-0.31031154462220645,"[-0.943738, -0.478547, -2.82275, -1.317949, -0.514387, -0.461471, -1.215845, -0.57851, -0.703389, -1.108278, -0.679455, -0.487956, -0.931361, -0.987414, -0.612455, -0.32684, -0.671678, -0.541659, -0.310312, -0.53209, -1.000076, -0.802293, -0.798711]"
kl_recovery,concrete,4.0,mu_D_par,mu_D_par,-0.4669032188291464,23,6,0.2608695652173913,17,-0.6047219824621168,-0.38390903354526795,-0.1540076937720054,"[-0.495638, -0.263074, -0.604722, -0.587913, -0.301009, -0.257093, -0.420507, -0.383909, -0.366803, -0.578925, -0.36126, -0.243543, -0.391074, -0.471936, -0.26298, -0.187636, -0.385971, -0.32, -0.154008, -0.30797, -0.459666, -0.455763, -0.551915]"
kl_recovery,concrete,4.0,mu_D_perp_native,mu_D_perp_native,-0.05817124921704342,23,18,0.782608695652174,5,-0.25956891013386607,-0.0856324801410262,0.021892238318655832,"[-0.156008, -0.078819, 0.006577, -0.08081, -0.102339, -0.081571, -0.037261, -0.170255, -0.085632, -0.223661, -0.108027, -0.078159, 0.021892, -0.147789, -0.006132, -0.081862, -0.145765, -0.086123, -0.011765, -0.127435, -0.071342, -0.18859, -0.259569]"
fluency_drop,concrete,4.0,mu_D,mu_D,0.8678092275347029,23,22,0.9565217391304348,1,0.14763491494315018,0.29346382050287145,1.1428969171312118,"[0.409064, 0.219541, 1.142897, 0.533901, 0.23551, 0.247793, 0.530876, 0.22628, 0.28568, 0.475677, 0.293464, 0.216533, 0.466636, 0.396399, 0.346172, 0.147635, 0.330502, 0.232152, 0.20347, 0.1915, 0.386581, 0.288121, 0.326498]"
fluency_drop,concrete,4.0,mu_D_perp_matched,mu_D,0.6844023220122808,23,22,0.9565217391304348,1,0.14763491494315018,0.29346382050287145,1.1428969171312118,"[0.409064, 0.219541, 1.142897, 0.533901, 0.23551, 0.247793, 0.530876, 0.22628, 0.28568, 0.475677, 0.293464, 0.216533, 0.466636, 0.396399, 0.346172, 0.147635, 0.330502, 0.232152, 0.20347, 0.1915, 0.386581, 0.288121, 0.326498]"
fluency_drop,concrete,4.0,mu_Dprime_matched,mu_D,0.8684264289008246,23,22,0.9565217391304348,1,0.14763491494315018,0.29346382050287145,1.1428969171312118,"[0.409064, 0.219541, 1.142897, 0.533901, 0.23551, 0.247793, 0.530876, 0.22628, 0.28568, 0.475677, 0.293464, 0.216533, 0.466636, 0.396399, 0.346172, 0.147635, 0.330502, 0.232152, 0.20347, 0.1915, 0.386581, 0.288121, 0.326498]"
fluency_drop,concrete,4.0,mu_D_par,mu_D_par,0.5364031640310136,23,23,1.0,0,0.08463655956207772,0.1596827809772794,0.28679684230259506,"[0.233678, 0.127867, 0.286797, 0.251801, 0.14843, 0.155056, 0.216479, 0.149353, 0.15248, 0.265271, 0.159683, 0.114401, 0.240662, 0.197204, 0.204011, 0.084637, 0.207084, 0.144593, 0.131435, 0.106656, 0.180707, 0.153783, 0.22417]"
fluency_drop,concrete,4.0,mu_D_perp_native,mu_D_perp_native,0.2115775895497154,23,23,1.0,0,0.027654662964835985,0.04604491733369365,0.10785885462685219,"[0.086292, 0.040004, 0.030663, 0.043731, 0.057175, 0.05843, 0.04463, 0.062926, 0.035845, 0.107859, 0.04437, 0.034941, 0.046045, 0.062306, 0.069178, 0.029574, 0.087096, 0.044835, 0.051225, 0.035583, 0.027655, 0.05206, 0.098275]"
