readout,alpha,direction,kind,n_questions,n_items,effect_base,effect_ft,I,I_ci_lo,I_ci_hi,I_label,effect_base_min,effect_base_median,effect_base_max,effect_ft_min,effect_ft_median,effect_ft_max,I_min,I_median,I_max,mean_abs_effect_base,mean_abs_effect_ft,sd_random_means_base,sd_random_means_ft,sd_random_question_base,sd_random_question_ft,corr_per_random_question,n_random_positive_base,n_random_positive_ft,muD_rank_le_I,muD_rank_le_effect_ft
temp_implanted,0.5,mu_D,named,7,9,-0.0026719804321016583,0.053093011890138896,0.05576499232224055,-0.008448745576398712,0.13360359163156568,near_zero,,,,,,,,,,,,,,,,,,,,
temp_implanted,0.5,mu_D_par,named,7,9,0.06822785096509117,0.022664942911693027,-0.04556290805339814,-0.12912693843245507,0.04200426755206915,near_zero,,,,,,,,,,,,,,,,,,,,
temp_implanted,0.5,mu_D_perp_native,named,7,9,-0.01668611913919449,0.002369518790926252,0.01905563793012074,-0.05219300354697875,0.09277695265731636,near_zero,,,,,,,,,,,,,,,,,,,,
temp_implanted,0.5,mu_Dprime_matched,named,7,9,0.03457118145057133,0.1063512819153922,0.07178010046482086,-0.005855868437460498,0.15369361915758664,near_zero,,,,,,,,,,,,,,,,,,,,
temp_implanted,0.5,mu_Dprime_native,named,7,9,0.05904050171375275,0.12838814514023916,0.06934764342648642,0.0217758341559342,0.13589736606393543,near_zero,,,,,,,,,,,,,,,,,,,,
temp_implanted,0.5,randoms_r0-r22@mu_D,random_summary,7,9,,,,,,,-0.057231513517243524,-0.011666129742349898,0.09434606773512703,-0.059283043657030375,-0.013090274163654872,0.057446765048163276,-0.11150208115577698,-0.010260398898805888,0.08927380612918309,0.07292942938782414,0.05980124662381522,0.04035725471909236,0.031916480671645375,0.10294911346217551,0.0833794025662699,0.2630126662699555,9.0,8.0,21.0,22.0
temp_implanted,1.0,mu_D,named,7,9,0.00827674035515104,0.11891427210399083,0.11063753174883979,0.03999257782208068,0.18989179815564838,near_zero,,,,,,,,,,,,,,,,,,,,
temp_implanted,1.0,mu_D_par,named,7,9,0.048146773661885946,0.10758026582854134,0.059433492166655395,0.01194816189152853,0.11327444229807171,near_zero,,,,,,,,,,,,,,,,,,,,
temp_implanted,1.0,mu_D_perp_native,named,7,9,-0.06771858568702425,0.03073545013155256,0.09845403581857681,0.043686460969703536,0.16441805554287775,near_zero,,,,,,,,,,,,,,,,,,,,
temp_implanted,1.0,mu_Dprime_matched,named,7,9,0.05652295904500144,0.1024049265044076,0.04588196745940617,-0.029868121658052714,0.12068919448980259,near_zero,,,,,,,,,,,,,,,,,,,,
temp_implanted,1.0,mu_Dprime_native,named,7,9,0.08651396632194519,0.29528392212731497,0.20876995580536978,0.10145849202360427,0.34881143538015214,nonzero,,,,,,,,,,,,,,,,,,,,
temp_implanted,1.0,randoms_r0-r22@mu_D,random_summary,7,9,,,,,,,-0.13323662749358586,-0.013304193105016435,0.10273825377225876,-0.15904895748410905,-0.006383904388972691,0.12256371974945068,-0.15604229058538166,0.011219601546015062,0.13179884105920792,0.09465304104993062,0.08228720604262738,0.0676917185121409,0.07743107436156377,0.1327098439893631,0.11524852381611399,0.19659937772683295,9.0,11.0,22.0,22.0
temp_implanted,2.0,mu_D,named,7,9,0.06321380393845695,0.3225988319941929,0.259385028055736,0.17330680516149316,0.36569912226072365,nonzero,,,,,,,,,,,,,,,,,,,,
temp_implanted,2.0,mu_D_par,named,7,9,0.10134815956865038,0.27620447107723783,0.17485631150858744,0.09885048589536123,0.26939045206776685,near_zero,,,,,,,,,,,,,,,,,,,,
temp_implanted,2.0,mu_D_perp_native,named,7,9,-0.05551315311874662,0.08813285401889256,0.1436460071376392,0.07014805102454764,0.2315582990646362,near_zero,,,,,,,,,,,,,,,,,,,,
temp_implanted,2.0,mu_Dprime_matched,named,7,9,0.1318126299551555,0.3212338813713619,0.1894212514162064,0.07021836335105557,0.3303983607462474,near_zero,,,,,,,,,,,,,,,,,,,,
temp_implanted,2.0,mu_Dprime_native,named,7,9,0.055375050221170695,0.6525295206478664,0.5971544704266957,0.23116457036563326,1.0282880663871765,nonzero,,,,,,,,,,,,,,,,,,,,
temp_implanted,2.0,randoms_r0-r22@mu_D,random_summary,7,9,,,,,,,-0.21019214391708374,0.024700765098844255,0.24411816256386892,-0.2250274270772934,0.03868539844240461,0.2578414870159967,-0.3119947463274002,0.017114422151020603,0.25884326653821127,0.16054594947129303,0.15151328736950892,0.1254424368068818,0.14849764281287656,0.20665772868088453,0.1968484696367183,0.2899556358190399,12.0,13.0,23.0,23.0
temp_implanted,4.0,mu_D,named,7,9,0.05055096000432968,0.7685124852827617,0.717961525278432,0.45348185513700756,1.019828462760363,nonzero,,,,,,,,,,,,,,,,,,,,
temp_implanted,4.0,mu_D_par,named,7,9,0.12832845960344588,0.6123094260692596,0.4839809664658138,0.15637679206473487,0.8745984401553866,nonzero,,,,,,,,,,,,,,,,,,,,
temp_implanted,4.0,mu_D_perp_native,named,7,9,-0.10920324176549911,0.1560943637575422,0.2652976055230413,0.104953452997974,0.4474083078759057,nonzero,,,,,,,,,,,,,,,,,,,,
temp_implanted,4.0,mu_Dprime_matched,named,7,9,0.06257080818925585,0.6837784073182515,0.6212075991289956,0.1971082277063813,1.1183464149811437,nonzero,,,,,,,,,,,,,,,,,,,,
temp_implanted,4.0,mu_Dprime_native,named,7,9,-0.06253696126597268,1.3055770099163055,1.3681139711822783,0.6933370807341167,2.3139779575169084,nonzero,,,,,,,,,,,,,,,,,,,,
temp_implanted,4.0,randoms_r0-r22@mu_D,random_summary,7,9,,,,,,,-0.3001714880977358,0.05359894462994167,0.5969767783369336,-0.39864265067236765,-0.02351043905530657,0.5758970252105168,-0.6470944051231657,-0.012775061385972161,0.3687834420374462,0.3046937731112012,0.29267492131416845,0.2510660767258671,0.29210840143056405,0.38344507941446926,0.3594341775407234,0.32943614509084496,12.0,11.0,23.0,23.0
implanted_factual_all,0.5,mu_D,named,10,12,0.03262201100587845,0.07435998022556305,0.0417379692196846,-0.072256502173841,0.1632098566368222,near_zero,,,,,,,,,,,,,,,,,,,,
implanted_factual_all,0.5,mu_D_par,named,10,12,0.02843979448080063,0.01358584463596344,-0.01485394984483719,-0.11202492237091065,0.08268116291612371,near_zero,,,,,,,,,,,,,,,,,,,,
implanted_factual_all,0.5,mu_D_perp_native,named,10,12,-0.013682069629430771,0.030459579825401307,0.04414164945483208,-0.03034104008227587,0.11852395841851826,near_zero,,,,,,,,,,,,,,,,,,,,
implanted_factual_all,0.5,mu_Dprime_matched,named,10,12,0.04278445988893509,0.083623868227005,0.04083940833806991,-0.07209074299782514,0.14811559624969953,near_zero,,,,,,,,,,,,,,,,,,,,
implanted_factual_all,0.5,mu_Dprime_native,named,10,12,0.08249911516904831,0.11412054002285003,0.03162142485380172,-0.08881389386951924,0.15184695865958928,near_zero,,,,,,,,,,,,,,,,,,,,
implanted_factual_all,0.5,randoms_r0-r22@mu_D,random_summary,10,12,,,,,,,-0.09310532659292221,-0.01185634285211563,0.07692624628543854,-0.0722284734249115,-0.020783746242523195,0.027021512389183044,-0.11163965910673142,-0.02205214947462082,0.11035982072353363,0.08411474930851356,0.07249193593211796,0.043081074703960574,0.03086226290062255,0.11631581656060919,0.10057434823869683,0.10002912795499318,7.0,8.0,22.0,23.0
implanted_factual_all,1.0,mu_D,named,10,12,0.0059442795813083645,0.16048575043678284,0.15454147085547448,-0.011306499205529695,0.36272815316915513,near_zero,,,,,,,,,,,,,,,,,,,,
implanted_factual_all,1.0,mu_D_par,named,10,12,0.08558682054281234,0.06571618020534516,-0.019870640337467188,-0.16680111069232226,0.09504864521324624,near_zero,,,,,,,,,,,,,,,,,,,,
implanted_factual_all,1.0,mu_D_perp_native,named,10,12,-0.047011812776327135,0.06433927416801452,0.11135108694434165,0.007411289233714344,0.22410567825660102,near_zero,,,,,,,,,,,,,,,,,,,,
implanted_factual_all,1.0,mu_Dprime_matched,named,10,12,0.07434390336275101,0.08172172904014588,0.007377825677394867,-0.12911600470542908,0.14839917737990602,near_zero,,,,,,,,,,,,,,,,,,,,
implanted_factual_all,1.0,mu_Dprime_native,named,10,12,0.16271784603595735,0.2919118821620941,0.12919403612613678,-0.16798010233789681,0.44103280007839196,near_zero,,,,,,,,,,,,,,,,,,,,
implanted_factual_all,1.0,randoms_r0-r22@mu_D,random_summary,10,12,,,,,,,-0.12911388128995896,-0.022524708509445192,0.13262929916381835,-0.14548625349998473,-0.010462242364883422,0.1451447606086731,-0.196032252907753,0.000215866416692731,0.1404242716729641,0.11599077060818672,0.10689597829528477,0.07396802559369166,0.07459568148439631,0.15941440290193928,0.14953821699684733,0.12074467369521918,10.0,10.0,23.0,23.0
implanted_factual_all,2.0,mu_D,named,10,12,0.10631135404109955,0.3835828542709351,0.27727150022983554,-0.020102405175566673,0.6571380511298773,inconclusive,,,,,,,,,,,,,,,,,,,,
implanted_factual_all,2.0,mu_D_par,named,10,12,0.16451217979192734,0.2648443132638931,0.10033213347196579,-0.17755483295768498,0.39560574594885095,near_zero,,,,,,,,,,,,,,,,,,,,
implanted_factual_all,2.0,mu_D_perp_native,named,10,12,-0.056682784110307693,0.150837180018425,0.2075199641287327,0.07248464366421102,0.3830622958578168,nonzero,,,,,,,,,,,,,,,,,,,,
implanted_factual_all,2.0,mu_Dprime_matched,named,10,12,0.19506968706846237,0.30750503242015836,0.112435345351696,-0.1936948372423649,0.44447449177503573,near_zero,,,,,,,,,,,,,,,,,,,,
implanted_factual_all,2.0,mu_Dprime_native,named,10,12,0.22869264036417009,0.7351944029331208,0.5065017625689507,-0.07128976564854385,1.0852828704938293,inconclusive,,,,,,,,,,,,,,,,,,,,
implanted_factual_all,2.0,randoms_r0-r22@mu_D,random_summary,10,12,,,,,,,-0.3452849581837654,-0.03555608987808227,0.24857100695371628,-0.2092106357216835,0.04708421230316162,0.3334984079003334,-0.4038142845034599,-0.046210947632789615,0.40640841573476794,0.21463218192043512,0.19719956413559292,0.14055626270956892,0.14704303845336306,0.2945398561097055,0.268589398261219,0.1835400784334001,9.0,12.0,21.0,23.0
implanted_factual_all,4.0,mu_D,named,10,12,0.3156995452940464,0.8845015034079552,0.5688019581139088,-0.21322665015235548,1.2347607756219803,inconclusive,,,,,,,,,,,,,,,,,,,,
implanted_factual_all,4.0,mu_D_par,named,10,12,0.22891058921813964,0.6793996840715408,0.45048909485340116,-0.028066160120069947,0.9656307410821318,inconclusive,,,,,,,,,,,,,,,,,,,,
implanted_factual_all,4.0,mu_D_perp_native,named,10,12,-0.05940788164734841,0.32519117593765257,0.38459905758500096,0.10825433857738971,0.7588060808740557,nonzero,,,,,,,,,,,,,,,,,,,,
implanted_factual_all,4.0,mu_Dprime_matched,named,10,12,0.26778361648321153,0.7918720856308937,0.5240884691476821,-0.1082333727553487,1.1261096242442727,inconclusive,,,,,,,,,,,,,,,,,,,,
implanted_factual_all,4.0,mu_Dprime_native,named,10,12,0.4350446417927742,1.4927203685045243,1.05767572671175,-0.1446452084556222,2.0906528554856774,inconclusive,,,,,,,,,,,,,,,,,,,,
implanted_factual_all,4.0,randoms_r0-r22@mu_D,random_summary,10,12,,,,,,,-0.6971820622682572,0.03440793082118034,0.5545533195137977,-0.42375354170799256,-0.019745972752571107,0.6958787411451339,-0.834512485563755,-0.11667452305555343,0.7480552449822426,0.4638543311668479,0.3852850691131923,0.3106768498330768,0.2915141342640298,0.6627142191690517,0.5181423369161187,0.25543694006162004,13.0,11.0,22.0,23.0
prop:butter:implanted,0.5,mu_D,named,1,1,-0.0625,0.375,0.4375,0.4375,0.4375,n=1,,,,,,,,,,,,,,,,,,,,
prop:butter:implanted,0.5,mu_D_par,named,1,1,2.384185791015625e-07,0.25,0.2499997615814209,0.2499997615814209,0.2499997615814209,n=1,,,,,,,,,,,,,,,,,,,,
prop:butter:implanted,0.5,mu_D_perp_native,named,1,1,-0.2500002384185791,0.0,0.2500002384185791,0.2500002384185791,0.2500002384185791,n=1,,,,,,,,,,,,,,,,,,,,
prop:butter:implanted,0.5,mu_Dprime_matched,named,1,1,0.0624995231628418,0.375,0.3125004768371582,0.3125004768371582,0.3125004768371582,n=1,,,,,,,,,,,,,,,,,,,,
prop:butter:implanted,0.5,mu_Dprime_native,named,1,1,0.2499997615814209,0.625,0.3750002384185791,0.3750002384185791,0.3750002384185791,n=1,,,,,,,,,,,,,,,,,,,,
prop:butter:implanted,0.5,randoms_r0-r22@mu_D,random_summary,1,1,,,,,,,-0.3125,0.0,0.1875,-0.125,0.0,0.125,-0.3125,0.0,0.2500002384185791,0.09782601439434549,0.06521739130434782,0.12332118770699489,0.09164720119112207,0.12332118770699489,0.09164720119112207,0.09835953912946444,10.0,5.0,23.0,23.0
prop:butter:implanted,1.0,mu_D,named,1,1,-0.2500002384185791,0.75,1.000000238418579,1.000000238418579,1.000000238418579,n=1,,,,,,,,,,,,,,,,,,,,
prop:butter:implanted,1.0,mu_D_par,named,1,1,0.1874995231628418,0.375,0.1875004768371582,0.1875004768371582,0.1875004768371582,n=1,,,,,,,,,,,,,,,,,,,,
prop:butter:implanted,1.0,mu_D_perp_native,named,1,1,-0.375,0.125,0.5,0.5,0.5,n=1,,,,,,,,,,,,,,,,,,,,
prop:butter:implanted,1.0,mu_Dprime_matched,named,1,1,0.1874995231628418,0.625,0.4375004768371582,0.4375004768371582,0.4375004768371582,n=1,,,,,,,,,,,,,,,,,,,,
prop:butter:implanted,1.0,mu_Dprime_native,named,1,1,0.3749995231628418,1.5,1.1250004768371582,1.1250004768371582,1.1250004768371582,n=1,,,,,,,,,,,,,,,,,,,,
prop:butter:implanted,1.0,randoms_r0-r22@mu_D,random_summary,1,1,,,,,,,-0.4375004768371582,-0.0624995231628418,0.25,-0.1250002384185791,0.0,0.5,-0.3125007152557373,0.1250002384185791,0.5000002384185791,0.14673922372900922,0.12500002073205035,0.19121012063300333,0.16615123341158752,0.19121012063300333,0.16615123341158752,0.050057022287404176,8.0,9.0,23.0,23.0
prop:butter:implanted,2.0,mu_D,named,1,1,-0.2500004768371582,1.5,1.7500004768371582,1.7500004768371582,1.7500004768371582,n=1,,,,,,,,,,,,,,,,,,,,
prop:butter:implanted,2.0,mu_D_par,named,1,1,0.3125004768371582,1.375000238418579,1.062499761581421,1.062499761581421,1.062499761581421,n=1,,,,,,,,,,,,,,,,,,,,
prop:butter:implanted,2.0,mu_D_perp_native,named,1,1,-0.7500002384185791,0.125,0.8750002384185791,0.8750002384185791,0.8750002384185791,n=1,,,,,,,,,,,,,,,,,,,,
prop:butter:implanted,2.0,mu_Dprime_matched,named,1,1,0.4375004768371582,1.625,1.1874995231628418,1.1874995231628418,1.1874995231628418,n=1,,,,,,,,,,,,,,,,,,,,
prop:butter:implanted,2.0,mu_Dprime_native,named,1,1,1.3125004768371582,3.5,2.187499523162842,2.187499523162842,2.187499523162842,n=1,,,,,,,,,,,,,,,,,,,,
prop:butter:implanted,2.0,randoms_r0-r22@mu_D,random_summary,1,1,,,,,,,-1.250000238418579,-2.384185791015625e-07,0.3750002384185791,-0.3750002384185791,0.125,1.125,-0.5625002384185791,0.1875002384185791,1.4375004768371582,0.336956552837206,0.26086955485136615,0.4284424065178805,0.3292215889713618,0.4284424065178805,0.3292215889713618,0.04849095490965598,11.0,13.0,23.0,23.0
prop:butter:implanted,4.0,mu_D,named,1,1,0.6250004768371582,3.249999761581421,2.6249992847442627,2.6249992847442627,2.6249992847442627,n=1,,,,,,,,,,,,,,,,,,,,
prop:butter:implanted,4.0,mu_D_par,named,1,1,1.1249995231628418,3.187500238418579,2.0625007152557373,2.0625007152557373,2.0625007152557373,n=1,,,,,,,,,,,,,,,,,,,,
prop:butter:implanted,4.0,mu_D_perp_native,named,1,1,-1.3125004768371582,0.625,1.9375004768371582,1.9375004768371582,1.9375004768371582,n=1,,,,,,,,,,,,,,,,,,,,
prop:butter:implanted,4.0,mu_Dprime_matched,named,1,1,1.6875004768371582,3.812500238418579,2.124999761581421,2.124999761581421,2.124999761581421,n=1,,,,,,,,,,,,,,,,,,,,
prop:butter:implanted,4.0,mu_Dprime_native,named,1,1,2.875,5.875,3.0,3.0,3.0,n=1,,,,,,,,,,,,,,,,,,,,
prop:butter:implanted,4.0,randoms_r0-r22@mu_D,random_summary,1,1,,,,,,,-2.3125,-0.1250002384185791,0.8125004768371582,-0.625,0.25,2.25,-0.8125,0.5624997615814209,2.5,0.7201087112012117,0.532608695652174,0.8961999548393369,0.6543975718385044,0.8961999548393369,0.6543975718385044,0.2231960221290066,8.0,14.0,23.0,23.0
prop:cooling:implanted,0.5,mu_D,named,1,1,0.22459888458251953,0.1429762840270996,-0.08162260055541992,-0.08162260055541992,-0.08162260055541992,n=1,,,,,,,,,,,,,,,,,,,,
prop:cooling:implanted,0.5,mu_D_par,named,1,1,-0.14416027069091797,0.011410236358642578,0.15557050704956055,0.15557050704956055,0.15557050704956055,n=1,,,,,,,,,,,,,,,,,,,,
prop:cooling:implanted,0.5,mu_D_perp_native,named,1,1,0.11401748657226562,0.27244043350219727,0.15842294692993164,0.15842294692993164,0.15842294692993164,n=1,,,,,,,,,,,,,,,,,,,,
prop:cooling:implanted,0.5,mu_Dprime_matched,named,1,1,0.05527353286743164,0.0018072128295898438,-0.0534663200378418,-0.0534663200378418,-0.0534663200378418,n=1,,,,,,,,,,,,,,,,,,,,
prop:cooling:implanted,0.5,mu_Dprime_native,named,1,1,0.21895313262939453,0.09827661514282227,-0.12067651748657227,-0.12067651748657227,-0.12067651748657227,n=1,,,,,,,,,,,,,,,,,,,,
prop:cooling:implanted,0.5,randoms_r0-r22@mu_D,random_summary,1,1,,,,,,,-0.33196210861206055,-0.017002582550048828,0.31233978271484375,-0.15685653686523438,0.024809837341308594,0.3463616371154785,-0.2699446678161621,0.04740428924560547,0.513084888458252,0.12492559267126996,0.09430302744326384,0.16381975352233724,0.12246271810300935,0.16381975352233724,0.12246271810300935,0.27732985745828304,11.0,15.0,2.0,17.0
prop:cooling:implanted,1.0,mu_D,named,1,1,0.2559213638305664,0.31317758560180664,0.057256221771240234,0.057256221771240234,0.057256221771240234,n=1,,,,,,,,,,,,,,,,,,,,
prop:cooling:implanted,1.0,mu_D_par,named,1,1,0.19711923599243164,-0.012310504913330078,-0.20942974090576172,-0.20942974090576172,-0.20942974090576172,n=1,,,,,,,,,,,,,,,,,,,,
prop:cooling:implanted,1.0,mu_D_perp_native,named,1,1,0.18343544006347656,0.34374427795410156,0.160308837890625,0.160308837890625,0.160308837890625,n=1,,,,,,,,,,,,,,,,,,,,
prop:cooling:implanted,1.0,mu_Dprime_matched,named,1,1,0.22658586502075195,-0.04398155212402344,-0.2705674171447754,-0.2705674171447754,-0.2705674171447754,n=1,,,,,,,,,,,,,,,,,,,,
prop:cooling:implanted,1.0,mu_Dprime_native,named,1,1,0.5314373970031738,-0.07693338394165039,-0.6083707809448242,-0.6083707809448242,-0.6083707809448242,n=1,,,,,,,,,,,,,,,,,,,,
prop:cooling:implanted,1.0,randoms_r0-r22@mu_D,random_summary,1,1,,,,,,,-0.6030149459838867,0.060862064361572266,0.3981189727783203,-0.28208398818969727,0.015099525451660156,0.5572786331176758,-0.6802029609680176,0.10505390167236328,0.7219982147216797,0.2097552548284116,0.15992948283319888,0.2589144511012456,0.20720885403069744,0.2589144511012456,0.20720885403069744,0.1675415648199906,13.0,14.0,10.0,20.0
prop:cooling:implanted,2.0,mu_D,named,1,1,0.9545817375183105,0.5068941116333008,-0.44768762588500977,-0.44768762588500977,-0.44768762588500977,n=1,,,,,,,,,,,,,,,,,,,,
prop:cooling:implanted,2.0,mu_D_par,named,1,1,0.48177337646484375,0.0424041748046875,-0.43936920166015625,-0.43936920166015625,-0.43936920166015625,n=1,,,,,,,,,,,,,,,,,,,,
prop:cooling:implanted,2.0,mu_D_perp_native,named,1,1,0.3570370674133301,0.6434779167175293,0.2864408493041992,0.2864408493041992,0.2864408493041992,n=1,,,,,,,,,,,,,,,,,,,,
prop:cooling:implanted,2.0,mu_Dprime_matched,named,1,1,0.6000666618347168,-0.07438373565673828,-0.6744503974914551,-0.6744503974914551,-0.6744503974914551,n=1,,,,,,,,,,,,,,,,,,,,
prop:cooling:implanted,2.0,mu_Dprime_native,named,1,1,0.9002456665039062,-0.5555329322814941,-1.4557785987854004,-1.4557785987854004,-1.4557785987854004,n=1,,,,,,,,,,,,,,,,,,,,
prop:cooling:implanted,2.0,randoms_r0-r22@mu_D,random_summary,1,1,,,,,,,-0.9953832626342773,0.20593595504760742,1.0149736404418945,-0.4943423271179199,0.056047916412353516,0.9033026695251465,-1.109084129333496,-0.08591508865356445,1.0867376327514648,0.47277489952419116,0.2851734783338464,0.5468961752000273,0.3818426691147058,0.5468961752000273,0.3818426691147058,0.055608702560388204,16.0,13.0,8.0,20.0
prop:cooling:implanted,4.0,mu_D,named,1,1,2.3110899925231934,0.10437250137329102,-2.2067174911499023,-2.2067174911499023,-2.2067174911499023,n=1,,,,,,,,,,,,,,,,,,,,
prop:cooling:implanted,4.0,mu_D_par,named,1,1,0.6741580963134766,-0.3959789276123047,-1.0701370239257812,-1.0701370239257812,-1.0701370239257812,n=1,,,,,,,,,,,,,,,,,,,,
prop:cooling:implanted,4.0,mu_D_perp_native,named,1,1,1.2800617218017578,1.2151250839233398,-0.06493663787841797,-0.06493663787841797,-0.06493663787841797,n=1,,,,,,,,,,,,,,,,,,,,
prop:cooling:implanted,4.0,mu_Dprime_matched,named,1,1,1.0277514457702637,-0.6148529052734375,-1.6426043510437012,-1.6426043510437012,-1.6426043510437012,n=1,,,,,,,,,,,,,,,,,,,,
prop:cooling:implanted,4.0,mu_Dprime_native,named,1,1,2.0041913986206055,-1.412487506866455,-3.4166789054870605,-3.4166789054870605,-3.4166789054870605,n=1,,,,,,,,,,,,,,,,,,,,
prop:cooling:implanted,4.0,randoms_r0-r22@mu_D,random_summary,1,1,,,,,,,-2.50569486618042,0.8956685066223145,2.7238831520080566,-1.0639681816101074,-0.12159061431884766,1.4553956985473633,-2.5900139808654785,-0.9217114448547363,2.246633529663086,1.1991402999214504,0.5049344353053881,1.177682965279288,0.6763859556668027,1.177682965279288,0.6763859556668027,0.22285041905837658,17.0,8.0,3.0,17.0
implanted_completion_preference,0.5,mu_D,named,4,4,8.568167686462402e-08,0.07812491338700056,0.0781248277053237,-0.0625004107132554,0.23437505960464478,near_zero,,,,,,,,,,,,,,,,,,,,
implanted_completion_preference,0.5,mu_D_par,named,4,4,0.03125016763806343,0.12500004190951586,0.09374987427145243,-0.0625003194436431,0.2187502533197403,near_zero,,,,,,,,,,,,,,,,,,,,
implanted_completion_preference,0.5,mu_D_perp_native,named,4,4,0.031250033527612686,0.12499993573874235,0.09374990221112967,-0.06250036600977182,0.21875029802322388,near_zero,,,,,,,,,,,,,,,,,,,,
implanted_completion_preference,0.5,mu_Dprime_matched,named,4,4,0.03125014901161194,0.09375000651925802,0.062499857507646084,-0.1562503958120942,0.2812501937150955,near_zero,,,,,,,,,,,,,,,,,,,,
implanted_completion_preference,0.5,mu_Dprime_native,named,4,4,0.06250020861625671,0.10937498416751623,0.04687477555125952,-0.328125461935997,0.31250017788261175,near_zero,,,,,,,,,,,,,,,,,,,,
implanted_completion_preference,0.5,randoms_r0-r22@mu_D,random_summary,4,4,,,,,,,-0.062499940395355225,0.03125012665987015,0.1875000949949026,-0.06249992176890373,0.03125001583248377,0.2656250149011612,-0.07812522444874048,0.015624956227838993,0.12499994225800037,0.09103272126420685,0.10597836538015501,0.06366258829470568,0.07615477011772986,0.12086293030317116,0.13923922763148172,0.26971085389034616,19.0,15.0,20.0,16.0
implanted_completion_preference,1.0,mu_D,named,4,4,0.09375003725290298,0.15624994598329067,0.06249990873038769,-0.06250041909515858,0.1875002682209015,near_zero,,,,,,,,,,,,,,,,,,,,
implanted_completion_preference,1.0,mu_D_par,named,4,4,0.09375013038516045,0.14062509965151548,0.04687496926635504,-0.21875038836151361,0.2812501769512892,near_zero,,,,,,,,,,,,,,,,,,,,
implanted_completion_preference,1.0,mu_D_perp_native,named,4,4,0.03125017136335373,0.10937490407377481,0.07812473271042109,-0.06250032689422369,0.17187508940696716,near_zero,,,,,,,,,,,,,,,,,,,,
implanted_completion_preference,1.0,mu_Dprime_matched,named,4,4,0.06250008940696716,0.1406248975545168,0.07812480814754963,-0.3906254470348358,0.34375019557774067,near_zero,,,,,,,,,,,,,,,,,,,,
implanted_completion_preference,1.0,mu_Dprime_native,named,4,4,0.09375012665987015,0.32812495715916157,0.23437483049929142,-0.42187508940696716,0.5937500298023224,inconclusive,,,,,,,,,,,,,,,,,,,,
implanted_completion_preference,1.0,randoms_r0-r22@mu_D,random_summary,4,4,,,,,,,-0.15624997578561306,1.5273690223693848e-07,0.437500037252903,-0.15624997951090336,0.04687502235174179,0.4374999990686774,-0.10937511082738638,-3.725290298461914e-09,0.18749974202364683,0.15353270587713821,0.17187503449942754,0.1388676141330963,0.14542874116272814,0.20378404061304956,0.2248899674391471,0.5786267451773117,14.0,13.0,19.0,20.0
implanted_completion_preference,2.0,mu_D,named,4,4,0.06250007823109627,0.17187499348074198,0.10937491524964571,-0.14062528312206268,0.31250025797635317,near_zero,,,,,,,,,,,,,,,,,,,,
implanted_completion_preference,2.0,mu_D_par,named,4,4,0.06250008940696716,0.2968749147839844,0.23437482537701726,-0.34375032782554626,0.6093749147839844,inconclusive,,,,,,,,,,,,,,,,,,,,
implanted_completion_preference,2.0,mu_D_perp_native,named,4,4,0.0312500074505806,0.0937499962747097,0.062499988824129105,-0.15625013411045074,0.28124991431832314,near_zero,,,,,,,,,,,,,,,,,,,,
implanted_completion_preference,2.0,mu_Dprime_matched,named,4,4,0.12500017508864403,0.281250040512532,0.15624986542388797,-0.5312502682209015,0.5625001788139343,inconclusive,,,,,,,,,,,,,,,,,,,,
implanted_completion_preference,2.0,mu_Dprime_native,named,4,4,0.031250182539224625,0.4531249818392098,0.42187479929998517,-0.09375005960464478,0.9374996582046151,inconclusive,,,,,,,,,,,,,,,,,,,,
implanted_completion_preference,2.0,randoms_r0-r22@mu_D,random_summary,4,4,,,,,,,-0.3437500335276127,0.0625002458691597,0.8124999552965164,-0.29687486216425896,0.06249998603016138,0.8437501285225153,-0.18750009033828974,-0.015625132247805595,0.26562476344406605,0.2961956434275793,0.3186141743891589,0.2657757036801508,0.2806558113845209,0.40235096760413347,0.4175046648361033,0.7189340591534943,14.0,13.0,20.0,15.0
implanted_completion_preference,4.0,mu_D,named,4,4,-0.015624899417161942,0.29687515273690224,0.3125000521540642,-0.031249627470970154,0.6562497317790985,inconclusive,,,,,,,,,,,,,,,,,,,,
implanted_completion_preference,4.0,mu_D_par,named,4,4,0.03125007823109627,0.4062499846331775,0.37499990640208125,-0.156250461935997,0.8749998724088073,inconclusive,,,,,,,,,,,,,,,,,,,,
implanted_completion_preference,4.0,mu_D_perp_native,named,4,4,-0.031249891966581345,0.06249998137354851,0.09374987334012985,-0.18750007450580597,0.5312497243285179,inconclusive,,,,,,,,,,,,,,,,,,,,
implanted_completion_preference,4.0,mu_Dprime_matched,named,4,4,-0.01562490314245224,0.46875006798654795,0.4843749711290002,5.960464477539063e-08,0.9687498826533556,nonzero,,,,,,,,,,,,,,,,,,,,
implanted_completion_preference,4.0,mu_Dprime_native,named,4,4,-0.2812496908009052,-0.28125003166496754,-3.4086406230926514e-07,-0.5000003669410944,0.4999994933605194,inconclusive,,,,,,,,,,,,,,,,,,,,
implanted_completion_preference,4.0,randoms_r0-r22@mu_D,random_summary,4,4,,,,,,,-0.5937499087303877,0.03125008940696716,1.7187499105930328,-0.7968750912696123,-0.14062500186264515,1.5781249746214598,-0.49999997951090336,-0.18750003911554813,0.5468747904524207,0.6005434434375038,0.5978261441619985,0.5110523104990146,0.554931659098425,0.8358524907723255,0.7717062689272182,0.7316117639209017,13.0,9.0,21.0,17.0
factual_control,0.5,mu_D,named,6,8,-0.0543923307947504,0.030378282574626308,0.0847706133693767,0.010416558896152613,0.1510418305794398,near_zero,,,,,,,,,,,,,,,,,,,,
factual_control,0.5,mu_D_par,named,6,8,0.0009661500128762176,0.08340380779312302,0.08243765778024681,0.040770714180932074,0.13452121266163886,near_zero,,,,,,,,,,,,,,,,,,,,
factual_control,0.5,mu_D_perp_native,named,6,8,-0.09065279473240177,-0.05413354036863893,0.03651925436376284,0.00526940318134924,0.07818571431562304,near_zero,,,,,,,,,,,,,,,,,,,,
factual_control,0.5,mu_Dprime_matched,named,6,8,0.01387085309640194,0.09928698903725793,0.08541613594085598,0.028124804472705968,0.15833277024406317,near_zero,,,,,,,,,,,,,,,,,,,,
factual_control,0.5,mu_Dprime_native,named,6,8,0.06539631029105901,0.224394346626165,0.158998036335106,0.07291649135489327,0.24782754679229885,near_zero,,,,,,,,,,,,,,,,,,,,
factual_control,0.5,randoms_r0-r22@mu_D,random_summary,6,8,,,,,,,-0.1267186860301687,0.002084549041076874,0.16718142877410477,-0.051488255170018725,0.014336702258636555,0.13276555660801628,-0.07347072174889036,0.01399660317110829,0.11544609376384567,0.12845280254217525,0.08411614754847993,0.0763075492590196,0.05060598559857668,0.16054158286367132,0.11134585013265325,0.6472882147200344,13.0,15.0,21.0,17.0
factual_control,1.0,mu_D,named,6,8,-0.03354127611479877,0.009267464629374444,0.042808740744173214,-0.10416673724624463,0.18978428716460863,near_zero,,,,,,,,,,,,,,,,,,,,
factual_control,1.0,mu_D_par,named,6,8,0.03366340788488742,0.172136894291422,0.1384734864065346,0.04472352729741638,0.23958319014248747,near_zero,,,,,,,,,,,,,,,,,,,,
factual_control,1.0,mu_D_perp_native,named,6,8,-0.14376765120929727,-0.11709650295476119,0.02667114825453608,-0.09263727343641222,0.14583355432841927,near_zero,,,,,,,,,,,,,,,,,,,,
factual_control,1.0,mu_Dprime_matched,named,6,8,0.0978513759910129,0.22913940944514857,0.13128803345413567,0.08843789901099325,0.17403470249846578,near_zero,,,,,,,,,,,,,,,,,,,,
factual_control,1.0,mu_Dprime_native,named,6,8,0.3996228363588064,0.3762086129184657,-0.02341422344034072,-0.29173159964108586,0.24483826314099136,near_zero,,,,,,,,,,,,,,,,,,,,
factual_control,1.0,randoms_r0-r22@mu_D,random_summary,6,8,,,,,,,-0.23840355146482275,0.0015670856713162114,0.35493908140536706,-0.12687564588850364,0.002653849699224035,0.2610908214895365,-0.11181552141594392,0.002323922439245507,0.17718636893550865,0.23626147538606598,0.1635101251177611,0.15539139542608008,0.11139855026583123,0.30205184246705113,0.21380296956986425,0.7836892495805694,12.0,13.0,16.0,12.0
factual_control,2.0,mu_D,named,6,8,0.018009775584990468,-0.02745559753384441,-0.045465373118834876,-0.390624913139618,0.28551366627798397,near_zero,,,,,,,,,,,,,,,,,,,,
factual_control,2.0,mu_D_par,named,6,8,0.342147229515831,0.36018340828013606,0.018036178764305077,-0.17708350047178095,0.1634838435954104,near_zero,,,,,,,,,,,,,,,,,,,,
factual_control,2.0,mu_D_perp_native,named,6,8,-0.272334848792525,-0.2791115150321275,-0.006776666239602491,-0.15261009456783844,0.11144664110421823,near_zero,,,,,,,,,,,,,,,,,,,,
factual_control,2.0,mu_Dprime_matched,named,6,8,0.41212249641345505,0.45667899286490865,0.0445564964514536,-0.29687513715665165,0.3526658964362758,near_zero,,,,,,,,,,,,,,,,,,,,
factual_control,2.0,mu_Dprime_native,named,6,8,1.253006128702206,0.6145021188034056,-0.6385040098988005,-1.4614207867368048,0.11265110224485397,inconclusive,,,,,,,,,,,,,,,,,,,,
factual_control,2.0,randoms_r0-r22@mu_D,random_summary,6,8,,,,,,,-0.44395314923409995,0.020762183698631514,0.6748532825343622,-0.2602665657371593,-0.05481531604891643,0.5297683231765404,-0.31274199415929615,-0.042386433963353426,0.23410661516633507,0.46636655200110405,0.35716785611272656,0.3098502824411262,0.2344357326231518,0.5901186906320539,0.46502362501180255,0.8139669329142762,13.0,10.0,11.0,12.0
factual_control,4.0,mu_D,named,6,8,0.31862660092883743,-0.35096354604077834,-0.6695901469696157,-1.63541667695002,0.19499327762362856,inconclusive,,,,,,,,,,,,,,,,,,,,
factual_control,4.0,mu_D_par,named,6,8,1.0741202614772192,0.5859235565682562,-0.48819670490896294,-1.2708338801276113,0.18750008063701296,inconclusive,,,,,,,,,,,,,,,,,,,,
factual_control,4.0,mu_D_perp_native,named,6,8,-0.5434326903390078,-0.5505362399465715,-0.007103549607563764,-0.19791665791951044,0.21827284370859468,near_zero,,,,,,,,,,,,,,,,,,,,
factual_control,4.0,mu_Dprime_matched,named,6,8,1.3797377001258913,0.6167816741702458,-0.7629560259556455,-1.6041666792856026,-0.006255775063383685,nonzero,,,,,,,,,,,,,,,,,,,,
factual_control,4.0,mu_Dprime_native,named,6,8,1.31594555213087,-0.39909521001391113,-1.7150407621447812,-2.602086658235021,-0.8697917721510748,nonzero,,,,,,,,,,,,,,,,,,,,
factual_control,4.0,randoms_r0-r22@mu_D,random_summary,6,8,,,,,,,-1.0113457741487462,0.0593589578444759,1.6219587556552142,-0.7163352042358989,-0.2578730550594628,0.7825339558088066,-0.8851257276643688,-0.28256732479591545,0.4455990604862261,1.0012291747788487,0.7573358470390963,0.6981070267046898,0.44946580450425344,1.3147317222549064,0.9693649309522374,0.7828545738929417,13.0,5.0,4.0,9.0
domain_completion_preference,0.5,mu_D,named,2,2,0.12297999300062656,-0.03516276925802231,-0.15814276225864887,-0.19128597155213356,-0.12499955296516418,near_zero,,,,,,,,,,,,,,,,,,,,
domain_completion_preference,0.5,mu_D_par,named,2,2,0.21161268837749958,-0.03517600893974304,-0.24678869731724262,-0.36857742443680763,-0.12499997019767761,nonzero,,,,,,,,,,,,,,,,,,,,
domain_completion_preference,0.5,mu_D_perp_native,named,2,2,0.029223565012216568,-0.0021504461765289307,-0.0313740111887455,-0.18749991059303284,0.12475188821554184,near_zero,,,,,,,,,,,,,,,,,,,,
domain_completion_preference,0.5,mu_Dprime_matched,named,2,2,0.21553107164800167,-0.06416994333267212,-0.2797010149806738,-0.43440232798457146,-0.12499970197677612,nonzero,,,,,,,,,,,,,,,,,,,,
domain_completion_preference,0.5,mu_Dprime_native,named,2,2,0.28134918957948685,-0.004070796072483063,-0.2854199856519699,-0.5083397924900055,-0.06250017881393433,nonzero,,,,,,,,,,,,,,,,,,,,
domain_completion_preference,0.5,randoms_r0-r22@mu_D,random_summary,2,2,,,,,,,-0.22139932587742805,0.02834952436387539,0.21192727237939835,-0.25009535253047943,4.407018423080444e-05,0.15159568190574646,-0.12992339208722115,-0.030986586585640907,0.13073143549263477,0.14461164395122425,0.11680445722911668,0.11144477274799436,0.10377171390356998,0.1863925036962454,0.15673685113875335,0.44664762250962053,13.0,12.0,0.0,7.0
domain_completion_preference,1.0,mu_D,named,2,2,0.34477635100483894,-0.030717581510543823,-0.37549393251538277,-0.5009877160191536,-0.25000014901161194,nonzero,,,,,,,,,,,,,,,,,,,,
domain_completion_preference,1.0,mu_D_par,named,2,2,0.27715752087533474,-0.09370388090610504,-0.3708614017814398,-0.6792231015861034,-0.06249970197677612,nonzero,,,,,,,,,,,,,,,,,,,,
domain_completion_preference,1.0,mu_D_perp_native,named,2,2,0.06211491487920284,0.03185386210680008,-0.030261052772402763,-0.12499997019767761,0.06447786465287209,near_zero,,,,,,,,,,,,,,,,,,,,
domain_completion_preference,1.0,mu_Dprime_matched,named,2,2,0.41316859703511,0.029004201292991638,-0.38416439574211836,-0.6433291491121054,-0.12499964237213135,nonzero,,,,,,,,,,,,,,,,,,,,
domain_completion_preference,1.0,mu_Dprime_native,named,2,2,0.5521181561052799,-0.11813869327306747,-0.6702568493783474,-1.2155141159892082,-0.12499958276748657,nonzero,,,,,,,,,,,,,,,,,,,,
domain_completion_preference,1.0,randoms_r0-r22@mu_D,random_summary,2,2,,,,,,,-0.5962897259742022,-0.006673289462924004,0.49313330464065075,-0.3814522847533226,-0.03412890434265137,0.2148677557706833,-0.30680925212800503,-0.00410274975001812,0.21483744122087955,0.21579728745248006,0.1691700249262478,0.2056507709369427,0.15801867004201048,0.3109227170058752,0.22371339569013096,0.64752119606467,11.0,10.0,0.0,13.0
domain_completion_preference,2.0,mu_D,named,2,2,0.35537520982325077,-0.3348148837685585,-0.6901900935918093,-1.1928803659975529,-0.18749982118606567,nonzero,,,,,,,,,,,,,,,,,,,,
domain_completion_preference,2.0,mu_D_par,named,2,2,0.5048521775752306,-0.06120213121175766,-0.5660543087869883,-1.007108736783266,-0.12499988079071045,nonzero,,,,,,,,,,,,,,,,,,,,
domain_completion_preference,2.0,mu_D_perp_native,named,2,2,-0.030356183648109436,-0.12076891213655472,-0.09041272848844528,-0.1875002086162567,0.00667475163936615,near_zero,,,,,,,,,,,,,,,,,,,,
domain_completion_preference,2.0,mu_Dprime_matched,named,2,2,0.7058666097000241,-0.18437793105840683,-0.890244540758431,-1.5929892603307962,-0.18749982118606567,nonzero,,,,,,,,,,,,,,,,,,,,
domain_completion_preference,2.0,mu_Dprime_native,named,2,2,0.524466011673212,-0.6126274093985558,-1.1370934210717678,-1.77418702095747,-0.4999998211860657,nonzero,,,,,,,,,,,,,,,,,,,,
domain_completion_preference,2.0,randoms_r0-r22@mu_D,random_summary,2,2,,,,,,,-1.1793094594031572,0.008575879037380219,0.7694321060553193,-0.8796950355172157,-0.09140259027481079,0.42882753908634186,-0.34060456696897745,0.0074533987790346146,0.2996144238859415,0.3808099422198923,0.3230336323056532,0.39118443496144384,0.3115383166146246,0.5598038493022248,0.4361550235036777,0.86706750787006,12.0,10.0,0.0,5.0
domain_completion_preference,4.0,mu_D,named,2,2,0.1210597213357687,-1.1046219393610954,-1.2256816606968641,-1.763863679021597,-0.6874996423721313,nonzero,,,,,,,,,,,,,,,,,,,,
domain_completion_preference,4.0,mu_D_par,named,2,2,0.6293703950941563,-0.5124161764979362,-1.1417865715920925,-1.7835732623934746,-0.49999988079071045,nonzero,,,,,,,,,,,,,,,,,,,,
domain_completion_preference,4.0,mu_D_perp_native,named,2,2,-0.05241449736058712,-0.20984411239624023,-0.15742961503565311,-0.3124995827674866,-0.0023596473038196564,near_zero,,,,,,,,,,,,,,,,,,,,
domain_completion_preference,4.0,mu_Dprime_matched,named,2,2,0.5124624446034431,-0.6717849299311638,-1.184247374534607,-1.8059948682785034,-0.5624998807907104,nonzero,,,,,,,,,,,,,,,,,,,,
domain_completion_preference,4.0,mu_Dprime_native,named,2,2,-1.4303738418966532,-1.5824187323451042,-0.15204489044845104,-0.31249988079071045,0.008410099893808365,near_zero,,,,,,,,,,,,,,,,,,,,
domain_completion_preference,4.0,randoms_r0-r22@mu_D,random_summary,2,2,,,,,,,-2.4239602480083704,-0.294903052970767,1.6059148260392249,-1.8439292833209038,-0.18380434811115265,1.0254670158028603,-0.5804478102363646,0.16132055781781673,0.5800309646874666,0.7709694655571618,0.614717080541279,0.7718539172480439,0.61464114456873,1.0951439878041873,0.8657253132326117,0.917907306629027,9.0,9.0,0.0,1.0
