organism,arm,alpha,ll_base,ll_steered,fluency_drop,flagged,kl_ft_base,kl_ft_steered,recovery
cake,base,,-2.9209518508305625,-2.9209518508305625,0.0,False,0.17962501304490225,0.17962501304490225,0.0
cake,finetuned,,-2.9209518508305625,-2.8796656548030795,-0.04128619602748307,False,0.17962501304490225,0.0,1.0
cake,mu_D,0.0,-2.9209518508305625,-2.9209518508305625,0.0,False,0.17962501304490225,0.17962501304490225,0.0
cake,mu_D,0.5,-2.9209518508305625,-2.9185051993718223,-0.0024466514587402344,False,0.17962501304490225,0.16573731695848798,0.07731493432344339
cake,mu_D,1.0,-2.9209518508305625,-2.919337658655076,-0.0016141921754866395,False,0.17962501304490225,0.15285107658969033,0.1490546110553046
cake,mu_D,2.0,-2.9209518508305625,-2.934779416947138,0.01382756611657543,False,0.17962501304490225,0.13446652321588426,0.2514042396630439
cake,mu_D,4.0,-2.9209518508305625,-3.0776892313881525,0.15673738055759,False,0.17962501304490225,0.18665946901790678,-0.03916189540510184
cake,mu_Dprime_native,0.0,-2.9209518508305625,-2.9209518508305625,0.0,False,0.17962501304490225,0.17962501304490225,0.0
cake,mu_Dprime_native,0.5,-2.9209518508305625,-2.9321554728916714,0.01120362206110892,False,0.17962501304490225,0.162546311342527,0.09507975205048946
cake,mu_Dprime_native,1.0,-2.9209518508305625,-2.9644713931613498,0.04351954233078725,False,0.17962501304490225,0.1550699548115806,0.13670177564403818
cake,mu_Dprime_native,2.0,-2.9209518508305625,-3.159871214912051,0.23891936408148862,False,0.17962501304490225,0.23401627654121035,-0.30280450686849214
cake,mu_Dprime_native,4.0,-2.9209518508305625,-3.7887610783652654,0.8678092275347029,False,0.17962501304490225,0.8052682914431133,-3.4830520972144017
cake,mu_Dprime_matched,0.0,-2.9209518508305625,-2.9209518508305625,0.0,False,0.17962501304490225,0.17962501304490225,0.0
cake,mu_Dprime_matched,0.5,-2.9209518508305625,-2.9249401773725237,0.003988326541961129,False,0.17962501304490225,0.16965591032353658,0.05549952399376368
cake,mu_Dprime_matched,1.0,-2.9209518508305625,-2.933703937227764,0.012752086397201268,False,0.17962501304490225,0.1612285633408834,0.1024158573027919
cake,mu_Dprime_matched,2.0,-2.9209518508305625,-2.9735910400511725,0.05263918922060995,False,0.17962501304490225,0.1557414224223485,0.1329636124596042
cake,mu_Dprime_matched,4.0,-2.9209518508305625,-3.2114247973003085,0.290472946469746,False,0.17962501304490225,0.266067546984506,-0.48123884571685505
cake,mu_D_par,0.0,-2.9209518508305625,-2.9209518508305625,0.0,False,0.17962501304490225,0.17962501304490225,0.0
cake,mu_D_par,0.5,-2.9209518508305625,-2.9239927927652993,0.003040941934736807,False,0.17962501304490225,0.17111155721876356,0.04739571444880297
cake,mu_D_par,1.0,-2.9209518508305625,-2.93044714700608,0.009495296175517698,False,0.17962501304490225,0.16387080720492772,0.08770608042230921
cake,mu_D_par,2.0,-2.9209518508305625,-2.956276151869032,0.0353243010384694,False,0.17962501304490225,0.1552907819785769,0.13547239693306146
cake,mu_D_par,4.0,-2.9209518508305625,-3.1126144802759566,0.19166262944539403,False,0.17962501304490225,0.20761964340058583,-0.1558504012394173
cake,mu_D_perp_native,0.0,-2.9209518508305625,-2.9209518508305625,0.0,False,0.17962501304490225,0.17962501304490225,0.0
cake,mu_D_perp_native,0.5,-2.9209518508305625,-2.9155759962778243,-0.005375854552738257,False,0.17962501304490225,0.1743582837165348,0.029320690025786522
cake,mu_D_perp_native,1.0,-2.9209518508305625,-2.910685032133072,-0.010266818697490354,False,0.17962501304490225,0.16952076459687854,0.05625190098384503
cake,mu_D_perp_native,2.0,-2.9209518508305625,-2.9036497085813493,-0.017302142249213226,False,0.17962501304490225,0.1618644663738826,0.09887568757798726
cake,mu_D_perp_native,4.0,-2.9209518508305625,-2.898526865338522,-0.022424985492040417,False,0.17962501304490225,0.15407934169920665,0.14221667078910527
cake,mu_D_perp_matched,0.0,-2.9209518508305625,-2.9209518508305625,0.0,False,0.17962501304490225,0.17962501304490225,0.0
cake,mu_D_perp_matched,0.5,-2.9209518508305625,-2.911901769183931,-0.009050081646631458,False,0.17962501304490225,0.17037203813356067,0.05151273062971773
cake,mu_D_perp_matched,1.0,-2.9209518508305625,-2.9051966667175293,-0.015755184113033227,False,0.17962501304490225,0.16290918536602506,0.09305957670103893
cake,mu_D_perp_matched,2.0,-2.9209518508305625,-2.898234246269105,-0.02271760456145744,False,0.17962501304490225,0.15456256033882262,0.13952651850226772
cake,mu_D_perp_matched,4.0,-2.9209518508305625,-2.9192659514290944,-0.0016858994014681272,False,0.17962501304490225,0.16937540069458976,0.0570611641250115
cake,r0,0.0,-2.9209518508305625,-2.9209518508305625,0.0,False,0.17962501304490225,0.17962501304490225,0.0
cake,r0,0.5,-2.9209518508305625,-2.923559998709058,0.0026081478784956147,False,0.17962501304490225,0.18089278870158726,-0.007057901542743883
cake,r0,1.0,-2.9209518508305625,-2.928130906725687,0.007179055895124353,False,0.17962501304490225,0.18408712413575914,-0.024841256878525453
cake,r0,2.0,-2.9209518508305625,-2.943848488822816,0.0228966379922535,False,0.17962501304490225,0.1957635860594492,-0.08984591144058918
cake,r0,4.0,-2.9209518508305625,-3.0065359917898027,0.08558414095924016,False,0.17962501304490225,0.25001626260696896,-0.3918788835075573
cake,r1,0.0,-2.9209518508305625,-2.9209518508305625,0.0,False,0.17962501304490225,0.17962501304490225,0.0
cake,r1,0.5,-2.9209518508305625,-2.920054730914888,-0.000897119915674427,False,0.17962501304490225,0.17988395075949412,-0.0014415459751540016
cake,r1,1.0,-2.9209518508305625,-2.920542179592072,-0.00040967123849044995,False,0.17962501304490225,0.18171808028978015,-0.011652426404304084
cake,r1,2.0,-2.9209518508305625,-2.926265981462267,0.0053141306317043835,False,0.17962501304490225,0.18989274899164835,-0.05716206096630527
cake,r1,4.0,-2.9209518508305625,-2.960448976546999,0.039497125716436265,False,0.17962501304490225,0.22828591910619583,-0.27090272805786486
cake,r2,0.0,-2.9209518508305625,-2.9209518508305625,0.0,False,0.17962501304490225,0.17962501304490225,0.0
cake,r2,0.5,-2.9209518508305625,-2.9207342995537653,-0.0002175512767972343,False,0.17962501304490225,0.17712922228707206,0.013894449973992695
cake,r2,1.0,-2.9209518508305625,-2.921400448632619,0.0004485978020563053,False,0.17962501304490225,0.1754956959731995,0.022988541527178663
cake,r2,2.0,-2.9209518508305625,-2.925789848206535,0.00483799737597268,False,0.17962501304490225,0.17551319230170476,0.02289113678265753
cake,r2,4.0,-2.9209518508305625,-2.951605342683338,0.03065349185277544,False,0.17962501304490225,0.19715729876170082,-0.09760492383327413
cake,prompt,,-2.9209518508305625,-3.056566526019384,0.13561467518882164,False,0.17962501304490225,0.2842478955548907,-0.5824516348613156
concrete,base,,-2.9209518508305625,-2.9209518508305625,0.0,False,0.3799268338415358,0.3799268338415358,0.0
concrete,finetuned,,-2.9209518508305625,-2.998901949988471,0.07795009915790851,False,0.3799268338415358,0.0,1.0
concrete,mu_D,0.0,-2.9209518508305625,-2.9209518508305625,0.0,False,0.3799268338415358,0.3799268338415358,0.0
concrete,mu_D,0.5,-2.9209518508305625,-2.9321554728916714,0.01120362206110892,False,0.3799268338415358,0.3455857497359079,0.09038867762615388
concrete,mu_D,1.0,-2.9209518508305625,-2.9644713931613498,0.04351954233078725,False,0.3799268338415358,0.3133571838575696,0.17521702615965218
concrete,mu_D,2.0,-2.9209518508305625,-3.159871214912051,0.23891936408148862,False,0.3799268338415358,0.3129183744627332,0.17637201010853387
concrete,mu_D,4.0,-2.9209518508305625,-3.7887610783652654,0.8678092275347029,False,0.3799268338415358,0.7258260817754836,-0.9104364765091042
concrete,mu_Dprime_native,0.0,-2.9209518508305625,-2.9209518508305625,0.0,False,0.3799268338415358,0.3799268338415358,0.0
concrete,mu_Dprime_native,0.5,-2.9209518508305625,-2.9185051993718223,-0.0024466514587402344,False,0.3799268338415358,0.36114753569875446,0.04942872276985322
concrete,mu_Dprime_native,1.0,-2.9209518508305625,-2.919337658655076,-0.0016141921754866395,False,0.3799268338415358,0.34183880544844125,0.10025095623801272
concrete,mu_Dprime_native,2.0,-2.9209518508305625,-2.934779416947138,0.01382756611657543,False,0.3799268338415358,0.30494163528321283,0.19736747152110512
concrete,mu_Dprime_native,4.0,-2.9209518508305625,-3.0776892313881525,0.15673738055759,False,0.3799268338415358,0.2909965775315724,0.23407205911403317
concrete,mu_Dprime_matched,0.0,-2.9209518508305625,-2.9209518508305625,0.0,False,0.3799268338415358,0.3799268338415358,0.0
concrete,mu_Dprime_matched,0.5,-2.9209518508305625,-2.919046576060946,-0.0019052747696166605,False,0.3799268338415358,0.3451149931975773,0.09162774919572592
concrete,mu_Dprime_matched,1.0,-2.9209518508305625,-2.930485210721455,0.009533359890892434,False,0.3799268338415358,0.31067556142807007,0.18227528630512535
concrete,mu_Dprime_matched,2.0,-2.9209518508305625,-3.0400352175273593,0.11908336669679676,False,0.3799268338415358,0.28134753827064757,0.25946915771683765
concrete,mu_Dprime_matched,4.0,-2.9209518508305625,-3.789378279731387,0.8684264289008246,False,0.3799268338415358,0.884361121389601,-1.3277142929010917
concrete,mu_D_par,0.0,-2.9209518508305625,-2.9209518508305625,0.0,False,0.3799268338415358,0.3799268338415358,0.0
concrete,mu_D_par,0.5,-2.9209518508305625,-2.9187495746309797,-0.0022022761995827977,False,0.3799268338415358,0.35084268923789735,0.07655196214903104
concrete,mu_D_par,1.0,-2.9209518508305625,-2.92455992622981,0.003608075399247568,False,0.3799268338415358,0.3214987696163238,0.15378767441728491
concrete,mu_D_par,2.0,-2.9209518508305625,-2.9873286504594105,0.06637679962884802,False,0.3799268338415358,0.27904552694350954,0.2655282488946358
concrete,mu_D_par,4.0,-2.9209518508305625,-3.457355014861576,0.5364031640310136,False,0.3799268338415358,0.5573158954817151,-0.4669032188291464
concrete,mu_D_perp_native,0.0,-2.9209518508305625,-2.9209518508305625,0.0,False,0.3799268338415358,0.3799268338415358,0.0
concrete,mu_D_perp_native,0.5,-2.9209518508305625,-2.932102256351047,0.011150405520484519,False,0.3799268338415358,0.3753850630351475,0.011954330154744008
concrete,mu_D_perp_native,1.0,-2.9209518508305625,-2.9471482095264254,0.026196358695862898,False,0.3799268338415358,0.37218313321234686,0.020382083968353726
concrete,mu_D_perp_native,2.0,-2.9209518508305625,-2.9882601859077575,0.06730833507719503,False,0.3799268338415358,0.37057728616018143,0.024608811088226545
concrete,mu_D_perp_native,4.0,-2.9209518508305625,-3.132529440380278,0.2115775895497154,False,0.3799268338415358,0.402027652377174,-0.05817124921704342
concrete,mu_D_perp_matched,0.0,-2.9209518508305625,-2.9209518508305625,0.0,False,0.3799268338415358,0.3799268338415358,0.0
concrete,mu_D_perp_matched,0.5,-2.9209518508305625,-2.9443433625357494,0.02339151170518683,False,0.3799268338415358,0.3728696533611843,0.018575104077263038
concrete,mu_D_perp_matched,1.0,-2.9209518508305625,-2.979649059356205,0.05869720852564253,False,0.3799268338415358,0.3699101299520523,0.026364823427190154
concrete,mu_D_perp_matched,2.0,-2.9209518508305625,-3.1004944301786876,0.17954257934812512,False,0.3799268338415358,0.39178715244172113,-0.031217375409529957
concrete,mu_D_perp_matched,4.0,-2.9209518508305625,-3.6053541728428433,0.6844023220122808,False,0.3799268338415358,0.6648202018132285,-0.749863770060841
concrete,r0,0.0,-2.9209518508305625,-2.9209518508305625,0.0,False,0.3799268338415358,0.3799268338415358,0.0
concrete,r0,0.5,-2.9209518508305625,-2.9271307067265586,0.006178855895996094,False,0.3799268338415358,0.3832899199591743,-0.008851930998485802
concrete,r0,1.0,-2.9209518508305625,-2.9414161954607283,0.020464344630165776,False,0.3799268338415358,0.3914452346544417,-0.030317418478817304
concrete,r0,2.0,-2.9209518508305625,-2.992920610639784,0.07196875980922135,False,0.3799268338415358,0.4279742165217324,-0.12646483059482105
concrete,r0,4.0,-2.9209518508305625,-3.330016083187527,0.40906423235696465,False,0.3799268338415358,0.7384780550759936,-0.9437375549630338
concrete,r1,0.0,-2.9209518508305625,-2.9209518508305625,0.0,False,0.3799268338415358,0.3799268338415358,0.0
concrete,r1,0.5,-2.9209518508305625,-2.9197050806075806,-0.0012467702229819189,False,0.3799268338415358,0.38040599983835977,-0.0012612059853183144
concrete,r1,1.0,-2.9209518508305625,-2.924729407779754,0.003777556949191574,False,0.3799268338415358,0.3839770962321569,-0.010660637864580158
concrete,r1,2.0,-2.9209518508305625,-2.95257782557654,0.03162597474597728,False,0.3799268338415358,0.40395269223621916,-0.06323811917087263
concrete,r1,4.0,-2.9209518508305625,-3.140492454407707,0.21954060357714456,False,0.3799268338415358,0.5617397105883039,-0.47854707946899233
concrete,r2,0.0,-2.9209518508305625,-2.9209518508305625,0.0,False,0.3799268338415358,0.3799268338415358,0.0
concrete,r2,0.5,-2.9209518508305625,-2.9211742461673795,0.00022239533681700507,False,0.3799268338415358,0.37468312373237006,0.013801894580978358
concrete,r2,1.0,-2.9209518508305625,-2.9247033709571477,0.003751520126585195,False,0.3799268338415358,0.37077744328786455,0.02408198036753406
concrete,r2,2.0,-2.9209518508305625,-2.943933850242978,0.022981999412415632,False,0.3799268338415358,0.373302662183368,0.01743538773291986
concrete,r2,4.0,-2.9209518508305625,-4.063848767961774,1.1428969171312118,True,0.3799268338415358,1.4523652886587477,-2.822749959442235
concrete,prompt,,-2.9209518508305625,-3.0934383755638484,0.17248652473328585,False,0.3799268338415358,0.43491187738993814,-0.14472534880580756
